锘縢roup,keyword,caseId,caseName,country,status,elapsedMs,summaryChars,originalUrl,error
"zh","鍚堝悓","S-21-774","Lancaster Cty. Bd. of Equal. v. Moser (Neb. 2022)","US","DONE",5036,1623,"https://www.courtlistener.com/opinion/9343413/lancaster-cty-bd-of-equal-v-moser/?q=equal&type=o&order_by=score+desc&stat_Published=on&filed_after=&page=1",""
"zh","淇濋櫓","No. 11-cv-3004 (JSR)","Mc Glone猫炉聣氓聬聢氓聬聦氓聭录氓聫芦猫聙聟猫聜隆盲禄陆忙聹聣茅聶聬氓聟卢氓聫赂忙隆聢茂录聢S.D.N.Y.2015茂录聣","US","DONE",25062,1524,"https://www.courtlistener.com/opinion/7314310/mcglone-v-contract-callers-inc/?q=contract&type=o&order_by=score+desc&stat_Published=on&filed_after=&page=1",""
"zh","渚垫潈","WR-58,167-02","Price, James Everett (Tex. Crim. App. 2023)","US","DONE",30084,1268,"https://www.courtlistener.com/opinion/9368044/price-james-everett/?q=price&type=o&order_by=score+desc&stat_Published=on&filed_after=&page=2",""
"zh","淇濋櫓","Index No. 619183/18","氓聬聢氓聬聦氓聢露猫聧炉氓聟卢氓聫赂猫炉聣氓聧掳氓潞娄猫聢陋莽漏潞氓聟卢氓聫赂茫聙聜茅聸聠氓聸垄茂录聢莽潞陆莽潞娄氓潞聰莽聰篓茅聝篓茅聴篓2024茂录聣","US","DONE",25071,1388,"https://www.courtlistener.com/opinion/9479368/contract-pharmacal-corp-v-air-indus-group/?q=contract&type=o&order_by=score+desc&stat_Published=on&filed_after=&page=1",""
"zh","淇濋櫓","08-24-00403-CV","莽戮聨氓聸陆氓聬聢氓聬聦氓庐露氓聟路忙聹聣茅聶聬猫麓拢盲禄禄氓聟卢氓聫赂茂录聦Michael Santos氓聮聦Martha Santos猫炉聣茅漏卢氓聧隆茅聡聦氓聟聥氓聟卢氓聫赂茂录聢氓戮路氓聟聥猫聬篓忙聳炉氓路聻莽聰鲁猫炉路-氓聼聝氓掳聰氓赂聲莽麓垄2024茂录聣","US","DONE",5019,1023,"https://www.courtlistener.com/opinion/10304353/american-contract-furniture-llc-michael-santos-and-martha-santos-v/?q=contract&type=o&order_by=score+desc&stat_Published=on&filed_after=&page=2",""
"zh","渚垫潈","23CA6 & 23CA7","State v.Price(Ohio Ct. App. 2024)","US","DONE",30104,1442,"https://www.courtlistener.com/opinion/9497658/state-v-price/?q=price&type=o&order_by=score+desc&stat_Published=on&filed_after=&page=2",""
"zh","渚垫潈","Index No. 600446/16","Crudele v.Price(N.Y. App. Div. 2023)","US","DONE",30086,1604,"https://www.courtlistener.com/opinion/9413013/crudele-v-price/?q=price&type=o&order_by=score+desc&stat_Published=on&filed_after=&page=2",""
"zh","鍚堝悓","No. 18-10638","State v.Equal Emp't Opportunity Comm'n (5th Cir. 2019)","US","DONE",30085,1551,"https://www.courtlistener.com/opinion/8444053/state-v-equal-empt-opportunity-commn/?q=equal&type=o&order_by=score+desc&stat_Published=on&filed_after=&page=1",""
"zh","淇濋櫓","20-1016","Larry Ballard猫炉聣茅聴陋莽聰碌氓聬聢氓聬聦忙聹聧氓聤隆茂录聦猫聜隆盲禄陆忙聹聣茅聶聬氓聟卢氓聫赂茂录聢猫楼驴氓录聴氓聬聣氓掳录盲潞職氓路聻茂录聦2022氓鹿麓茂录聣","US","DONE",10031,1637,"https://www.courtlistener.com/opinion/6453966/larry-ballard-v-lightning-contract-services-inc/?q=contract&type=o&order_by=score+desc&stat_Published=on&filed_after=&page=1",""
"zh","淇濋櫓","Index No. 154920/21 Appeal No. 17 Case No. 2021-04286","忙聙禄莽聨炉氓垄聝茅聴庐茅垄聵茫聙聜忙聛垄氓陇聧猫搂拢氓聠鲁忙聳鹿忙隆聢茂录聦猫聜隆盲禄陆忙聹聣茅聶聬氓聟卢氓聫赂茂录聢TERS茂录聣猫炉聣氓聬聢氓聬聦盲潞聣猫庐庐猫搂拢氓聠鲁Bd.茂录聢莽潞陆莽潞娄氓路聻氓潞聰莽聰篓莽篓聥氓潞聫莽卢卢2023茅聝篓氓聢聠茂录聣","US","DONE",35089,1800,"https://www.courtlistener.com/opinion/9391279/matter-of-total-envtl-restoration-solutions-inc-ters-v-contract/?q=contract&type=o&order_by=score+desc&stat_Published=on&filed_after=&page=3",""
"zh","鍚堝悓","02-22-00347-CV","Texas Equal Access Fund v. Ashley Maxwell (Tex. App.-Fort Worth 2024)","US","DONE",25079,1267,"https://www.courtlistener.com/opinion/9480600/texas-equal-access-fund-v-ashley-maxwell/?q=equal&type=o&order_by=score+desc&stat_Published=on&filed_after=&page=1",""
"zh","鍚堝悓","15-1690","Equal Employment Opportunity Commission v. Aerotek, Inc. (7th Cir. 2016)","US","DONE",35090,1404,"https://www.courtlistener.com/opinion/3182845/equal-employment-opportunity-commission-v-aerotek-inc/?q=equal&type=o&order_by=score+desc&stat_Published=on&filed_after=&page=2",""
"zh","鍚堝悓","23-13138","American Alliance for Equal Rights v. Fearless Fund Management, LLC (11th Cir. 2024)","US","DONE",35092,1461,"https://www.courtlistener.com/opinion/9509828/american-alliance-for-equal-rights-v-fearless-fund-management-llc/?q=equal&type=o&order_by=score+desc&stat_Published=on&filed_after=&page=2",""
"zh","淇濋櫓","14-781","莽戮聨氓聸陆猫炉聣CMS氓聬聢氓聬聦莽庐隆莽聬聠茫聙聜忙聹聧氓聤隆茫聙聜 (2015)","US","DONE",25054,1482,"https://www.courtlistener.com/opinion/8174075/united-states-v-cms-contract-mgmt-servs/?q=contract&type=o&order_by=score+desc&stat_Published=on&filed_after=&page=2",""
"zh","鍚堝悓","Civil Action No.: 4:14-3615-BHH","Equal Employment Opportunity Commission v. Mc Leod Health, Inc. (D.S.C. 2017)","US","DONE",40084,1535,"https://www.courtlistener.com/opinion/7327061/equal-employment-opportunity-commission-v-mcleod-health-inc/?q=equal&type=o&order_by=score+desc&stat_Published=on&filed_after=&page=3",""
"zh","渚垫潈","S23A0063","Pricev. State (Ga. 2023)","US","DONE",30085,1591,"https://www.courtlistener.com/opinion/10680091/price-v-state/?q=price&type=o&order_by=score+desc&stat_Published=on&filed_after=&page=2",""
"zh","淇濋櫓","2018-000692","盲录聤氓聢漏猫炉潞盲录聤氓路聻猫聥聫茅禄聨盲赂聳莽戮聨氓聸陆盲驴聺茅聶漏氓聟卢氓聫赂猫炉聣Palmetto氓聬聢氓聬聦忙聹聧氓聤隆茂录聦猫聜隆盲禄陆忙聹聣茅聶聬氓聟卢氓聫赂茂录聢S.C.Ct.App.2021茂录聣","US","DONE",50156,3603,"https://www.courtlistener.com/opinion/4897958/zurich-american-insurance-company-of-illinois-v-palmetto-contract/?q=contract&type=o&order_by=score+desc&stat_Published=on&filed_after=&page=2",""
"zh","鍚堝悓","14-11007","Equal Employment Opportunity Commission v. Exel, Inc. (11th Cir. 2018)","US","DONE",15036,1912,"https://www.courtlistener.com/opinion/4478586/equal-employment-opportunity-commission-v-exel-inc/?q=equal&type=o&order_by=score+desc&stat_Published=on&filed_after=&page=2",""
"zh","渚垫潈","111921","State v.Price(Ohio Ct. App. 2023)","US","DONE",40120,1880,"https://www.courtlistener.com/opinion/9433842/state-v-price/?q=price&type=o&order_by=score+desc&stat_Published=on&filed_after=&page=2",""
"zh","鍚堝悓","16-1340","Equal Employment Opportunity Commission v. College America Denver, Inc. (10th Cir. 2017)","US","DONE",35093,2351,"https://www.courtlistener.com/opinion/4423864/equal-employment-opportunity-commission-v-collegeamerica-denver-inc/?q=equal&type=o&order_by=score+desc&stat_Published=on&filed_after=&page=3",""
"zh","鍚堝悓","S-22-888","Fountain II v. Douglas Cty. Bd. of Equal. (Neb. 2024)","US","DONE",35099,1436,"https://www.courtlistener.com/opinion/9457594/fountain-ii-v-douglas-cty-bd-of-equal/?q=equal&type=o&order_by=score+desc&stat_Published=on&filed_after=&page=1",""
"zh","淇濋櫓","No. 12-49 C","氓聬聢氓聬聦忙聹聧氓聤隆茂录聦猫聜隆盲禄陆忙聹聣茅聶聬氓聟卢氓聫赂猫炉聣莽戮聨氓聸陆茂录聢猫聛聰茅聜娄忙鲁聲茅聶垄茂录聦2012氓鹿麓茂录聣","US","DONE",30076,1387,"https://www.courtlistener.com/opinion/6779439/contract-services-inc-v-united-states/?q=contract&type=o&order_by=score+desc&stat_Published=on&filed_after=&page=3",""
"zh","淇濋櫓","A22D0267","Cummings氓聬聢氓聬聦忙聹聧氓聤隆氓聟卢氓聫赂猫炉聣Brittany Heyward茂录聢盲陆聬忙虏禄盲潞職氓路聻猫聛聰茅聜娄氓潞聰莽聰篓莽篓聥氓潞聫2022茂录聣","US","DONE",30065,1281,"https://www.courtlistener.com/opinion/6453330/cummings-contract-services-corp-v-brittany-heyward/?q=contract&type=o&order_by=score+desc&stat_Published=on&filed_after=&page=1",""
"zh","鍚堝悓","Civil Action No. 16-CV-2277-WYD-GPG","Equal Employment Opportunity Commission v. Montrose Memorial Hospital (D. Colo. 2017)","US","DONE",30048,1260,"https://www.courtlistener.com/opinion/7326580/equal-employment-opportunity-commission-v-montrose-memorial-hospital/?q=equal&type=o&order_by=score+desc&stat_Published=on&filed_after=&page=2",""
"zh","淇濋櫓","No. WD 74559","猫驴聬猫戮聯莽搂聼猫碌聛/氓聬聢氓聬聦茂录聦猫聜隆盲禄陆忙聹聣茅聶聬氓聟卢氓聫赂猫炉聣莽陆聴氓聟鹿忙隆聢茂录聢氓聫赂忙鲁聲茅聝篓茂录聦2012氓鹿麓茂录聣","US","DONE",25086,1294,"https://www.courtlistener.com/opinion/5282517/transport-leasingcontract-inc-v-rhodes/?q=contract&type=o&order_by=score+desc&stat_Published=on&filed_after=&page=2",""
"zh","鍚堝悓","Supreme Court Nos. S-15853/16663","Markham v. Kodiak Island Borough Bd. of Equal. (Alaska 2019)","US","DONE",30083,1842,"https://www.courtlistener.com/opinion/6658773/markham-v-kodiak-island-borough-bd-of-equal/?q=equal&type=o&order_by=score+desc&stat_Published=on&filed_after=&page=2",""
"zh","渚垫潈","Bankruptcy No. 15-70020-JAD; Adversary No. 15-07012-JAD","Pricev.Price(In re Price) (Bankr. W.D. Pa. 2015)","US","DONE",35105,1295,"https://www.courtlistener.com/opinion/8526646/price-v-price-in-re-price/?q=price&type=o&order_by=score+desc&stat_Published=on&filed_after=&page=1",""
"zh","渚垫潈","85198","Pricev. Youngman (Nev. 2022)","US","DONE",25067,1440,"https://www.courtlistener.com/opinion/8511308/price-v-youngman/?q=price&type=o&order_by=score+desc&stat_Published=on&filed_after=&page=2",""
"zh","鍚堝悓","No. 15-1753","Equal Employment Opportunity Commission v. Auto Zone, Inc. (7th Cir. 2016)","US","DONE",35080,1675,"https://www.courtlistener.com/opinion/8442508/equal-employment-opportunity-commission-v-autozone-inc/?q=equal&type=o&order_by=score+desc&stat_Published=on&filed_after=&page=3",""
"zh","渚垫潈","Case No. 20230749-CA","Price City v. Buck (Utah Ct. App. 2025)","US","DONE",35085,2016,"https://www.courtlistener.com/opinion/10663245/price-city-v-buck/?q=price&type=o&order_by=score+desc&stat_Published=on&filed_after=&page=2",""
"zh","淇濋櫓","12-852C, 12-853C, 12-862C, 12-864C, & 12-869C","Cms氓聬聢氓聬聦莽庐隆莽聬聠忙聹聧氓聤隆氓聟卢氓聫赂猫炉聣莽戮聨氓聸陆茂录聢猫聛聰茅聜娄忙鲁聲猫搂聞茂录聦2015氓鹿麓茂录聣","US","DONE",30094,1586,"https://www.courtlistener.com/opinion/3005581/cms-contract-management-services-v-united-states/?q=contract&type=o&order_by=score+desc&stat_Published=on&filed_after=&page=2",""
"zh","鍚堝悓","A-21-253","Hilt v. Douglas Cty. Bd. of Equal. (Neb. Ct. App. 2021)","US","DONE",25075,1520,"https://www.courtlistener.com/opinion/5303854/hilt-v-douglas-cty-bd-of-equal/?q=equal&type=o&order_by=score+desc&stat_Published=on&filed_after=&page=1",""
"zh","鍚堝悓","No. 15-3452","Equal Employment Opportunity Commission v. Union Pacific Railroad (7th Cir. 2017)","US","DONE",40092,2100,"https://www.courtlistener.com/opinion/8443469/equal-employment-opportunity-commission-v-union-pacific-railroad/?q=equal&type=o&order_by=score+desc&stat_Published=on&filed_after=&page=2",""
"zh","鍚堝悓","Civil Action No. 2023-0976","Bader Family Foundation v. U.S.Equal Employment Opportunity Commission (D.D.C. 2025)","US","DONE",40128,1408,"https://www.courtlistener.com/opinion/10364759/bader-family-foundation-v-us-equal-employment-opportunity-commission/?q=equal&type=o&order_by=score+desc&stat_Published=on&filed_after=&page=1",""
"zh","淇濋櫓","22-1134","茅漏卢氓潞聯忙聳炉猫炉聣莽戮聨氓聸陆氓聬聢氓聬聦忙隆楼猫聛聰莽聸聼忙隆聢茂录聢2023氓鹿麓莽卢卢盲赂聙氓路隆氓聸聻忙鲁聲氓潞颅茂录聣","US","DONE",30083,1606,"https://www.courtlistener.com/opinion/9420161/marcus-v-american-contract-bridge-league/?q=contract&type=o&order_by=score+desc&stat_Published=on&filed_after=&page=1",""
"zh","淇濋櫓","ASBCA No. 59604","氓聬聢氓聬聦莽庐隆莽聬聠茂录聦猫聜隆盲禄陆忙聹聣茅聶聬氓聟卢氓聫赂d.b.a.莽戮聨氓聸陆茅聛聯猫路炉茂录聢a.S.b.C.a.2016茂录聣","US","DONE",25064,933,"https://www.courtlistener.com/opinion/3203723/contract-management-inc-dba-us-roads/?q=contract&type=o&order_by=score+desc&stat_Published=on&filed_after=&page=3",""
"zh","鍚堝悓","Civil Action No. 2017-1978","United States Equal Employment Opportunity Commission v. George Washington University (D.D.C. 2022)","US","DONE",40099,1628,"https://www.courtlistener.com/opinion/7861717/united-states-equal-employment-opportunity-commission-v-george-washington/?q=equal&type=o&order_by=score+desc&stat_Published=on&filed_after=&page=3",""
"zh","渚垫潈","Civil Action No. 2020-0614","Pricev. Pearson (D.D.C. 2025)","US","START_FAILED",9,0,"https://www.courtlistener.com/opinion/10356217/price-v-pearson/?q=price&type=o&order_by=score+desc&stat_Published=on&filed_after=&page=1","QUOTA_EXCEEDED: 盲禄聤忙聴楼氓录聜忙颅楼忙聭聵猫娄聛忙卢隆忙聲掳氓路虏猫戮戮盲赂聤茅聶聬"
"zh","鍚堝悓","S-23-289","Inland Ins. Co. v. Lancaster Cty. Bd. of Equal. (Neb. 2024)","US","START_FAILED",9,0,"https://www.courtlistener.com/opinion/9482352/inland-ins-co-v-lancaster-cty-bd-of-equal/?q=equal&type=o&order_by=score+desc&stat_Published=on&filed_after=&page=1","QUOTA_EXCEEDED: 盲禄聤忙聴楼氓录聜忙颅楼忙聭聵猫娄聛忙卢隆忙聲掳氓路虏猫戮戮盲赂聤茅聶聬"
"zh","鍚堝悓","No.: 3:14-CV-441-TAV-HBG","Equal Employment Opportunity Commission v. Dolgencorp, LLC (E.D. Tenn. 2016)","US","START_FAILED",9,0,"https://www.courtlistener.com/opinion/7321181/equal-employment-opportunity-commission-v-dolgencorp-llc/?q=equal&type=o&order_by=score+desc&stat_Published=on&filed_after=&page=2","QUOTA_EXCEEDED: 盲禄聤忙聴楼氓录聜忙颅楼忙聭聵猫娄聛忙卢隆忙聲掳氓路虏猫戮戮盲赂聤茅聶聬"
"zh","鍚堝悓","14-13482","Equal Employment Opportunity Commission v. Catastrophe Management Solutions (11th Cir. 2017)","US","START_FAILED",9,0,"https://www.courtlistener.com/opinion/4448786/equal-employment-opportunity-commission-v-catastrophe-management-solutions/?q=equal&type=o&order_by=score+desc&stat_Published=on&filed_after=&page=2","QUOTA_EXCEEDED: 盲禄聤忙聴楼氓录聜忙颅楼忙聭聵猫娄聛忙卢隆忙聲掳氓路虏猫戮戮盲赂聤茅聶聬"
"zh","淇濋櫓","No. 5:18-CV-420-FL","Sears Contract茂录聦猫聜隆盲禄陆忙聹聣茅聶聬氓聟卢氓聫赂猫炉聣Sauer猫聜隆盲禄陆忙聹聣茅聶聬氓聟卢氓聫赂茂录聢E.D.N.C.2019茂录聣","US","START_FAILED",9,0,"https://www.courtlistener.com/opinion/7335740/sears-contract-inc-v-sauer-inc/?q=contract&type=o&order_by=score+desc&stat_Published=on&filed_after=&page=1","QUOTA_EXCEEDED: 盲禄聤忙聴楼氓录聜忙颅楼忙聭聵猫娄聛忙卢隆忙聲掳氓路虏猫戮戮盲赂聤茅聶聬"
"zh","渚垫潈","8-24-06","Pricev.Price(Ohio Ct. App. 2024)","US","START_FAILED",10,0,"https://www.courtlistener.com/opinion/10276226/price-v-price/?q=price&type=o&order_by=score+desc&stat_Published=on&filed_after=&page=1","QUOTA_EXCEEDED: 盲禄聤忙聴楼氓录聜忙颅楼忙聭聵猫娄聛忙卢隆忙聲掳氓路虏猫戮戮盲赂聤茅聶聬"
"zh","鍚堝悓","16-1402","Equal Employment Opportunity Commission v. Flambeau, Inc. (7th Cir. 2017)","US","START_FAILED",9,0,"https://www.courtlistener.com/opinion/4341041/equal-employment-opportunity-commission-v-flambeau-inc/?q=equal&type=o&order_by=score+desc&stat_Published=on&filed_after=&page=3","QUOTA_EXCEEDED: 盲禄聤忙聴楼氓录聜忙颅楼忙聭聵猫娄聛忙卢隆忙聲掳氓路虏猫戮戮盲赂聤茅聶聬"
"zh","鍚堝悓","17-5376","Girma v.Equal Emp't Opportunity Comm'n (2017)","US","START_FAILED",8,0,"https://www.courtlistener.com/opinion/9334217/girma-v-equal-empt-opportunity-commn/?q=equal&type=o&order_by=score+desc&stat_Published=on&filed_after=&page=3","QUOTA_EXCEEDED: 盲禄聤忙聴楼氓录聜忙颅楼忙聭聵猫娄聛忙卢隆忙聲掳氓路虏猫戮戮盲赂聤茅聶聬"
"zh","鍚堝悓","381 CA 22-01578","Housing Opportunities Made Equalv. DASA Props. LLC (N.Y. App. Div. 2023)","US","START_FAILED",8,0,"https://www.courtlistener.com/opinion/9411020/housing-opportunities-made-equal-v-dasa-props-llc/?q=equal&type=o&order_by=score+desc&stat_Published=on&filed_after=&page=1","QUOTA_EXCEEDED: 盲禄聤忙聴楼氓录聜忙颅楼忙聭聵猫娄聛忙卢隆忙聲掳氓路虏猫戮戮盲赂聤茅聶聬"
"zh","鍚堝悓","Case No. 14-cv-1292-JPG-SCW","Equal Employment Opportunity Commission v. Amsted Rail Co. (S.D. Ill. 2017)","US","START_FAILED",8,0,"https://www.courtlistener.com/opinion/7327670/equal-employment-opportunity-commission-v-amsted-rail-co/?q=equal&type=o&order_by=score+desc&stat_Published=on&filed_after=&page=2","QUOTA_EXCEEDED: 盲禄聤忙聴楼氓录聜忙颅楼忙聭聵猫娄聛忙卢隆忙聲掳氓路虏猫戮戮盲赂聤茅聶聬"
"zh","淇濋櫓","11 Civ. 3004 (JSR)","Mc Glone猫炉聣氓聬聢氓聬聦氓聭录氓聫芦猫聙聟猫聜隆盲禄陆忙聹聣茅聶聬氓聟卢氓聫赂忙隆聢茂录聢S.D.N.Y.2015茂录聣","US","START_FAILED",9,0,"https://www.courtlistener.com/opinion/7316968/mcglone-v-contract-callers-inc/?q=contract&type=o&order_by=score+desc&stat_Published=on&filed_after=&page=1","QUOTA_EXCEEDED: 盲禄聤忙聴楼氓录聜忙颅楼忙聭聵猫娄聛忙卢隆忙聲掳氓路虏猫戮戮盲赂聤茅聶聬"
"zh","淇濋櫓","M芒聙聯591 September Term 2017; 080522","氓聹篓猫聧炉忙聢驴莽娄聫氓聢漏莽庐隆莽聬聠盲赂颅茫聙聜氓聬聢氓聬聦茂录聢忙聳掳忙鲁陆猫楼驴氓路聻茂录聦2018氓鹿麓茂录聣","US","START_FAILED",9,0,"https://www.courtlistener.com/opinion/8260947/in-re-pharmacy-benefit-mgmt-contract/?q=contract&type=o&order_by=score+desc&stat_Published=on&filed_after=&page=1","QUOTA_EXCEEDED: 盲禄聤忙聴楼氓录聜忙颅楼忙聭聵猫娄聛忙卢隆忙聲掳氓路虏猫戮戮盲赂聤茅聶聬"
"zh","鍚堝悓","Civil Action No. 11-11732-DJC","Equal Employment Opportunity Commission v. Texas Roadhouse, Inc. (D. Mass. 2016)","US","START_FAILED",8,0,"https://www.courtlistener.com/opinion/7322391/equal-employment-opportunity-commission-v-texas-roadhouse-inc/?q=equal&type=o&order_by=score+desc&stat_Published=on&filed_after=&page=3","QUOTA_EXCEEDED: 盲禄聤忙聴楼氓录聜忙颅楼忙聭聵猫娄聛忙卢隆忙聲掳氓路虏猫戮戮盲赂聤茅聶聬"
"zh","淇濋櫓","M芒聙聯619 September Term 2017; 080522","氓聹篓猫聧炉忙聢驴莽娄聫氓聢漏莽庐隆莽聬聠盲赂颅茫聙聜氓聬聢氓聬聦茂录聢忙聳掳忙鲁陆猫楼驴氓路聻茂录聦2018氓鹿麓茂录聣","US","START_FAILED",8,0,"https://www.courtlistener.com/opinion/8260943/in-re-pharmacy-benefit-mgmt-contract/?q=contract&type=o&order_by=score+desc&stat_Published=on&filed_after=&page=1","QUOTA_EXCEEDED: 盲禄聤忙聴楼氓录聜忙颅楼忙聭聵猫娄聛忙卢隆忙聲掳氓路虏猫戮戮盲赂聤茅聶聬"
"zh","渚垫潈","2170044","Pricev.Price(Ala. Civ. App. 2018)","US","START_FAILED",8,0,"https://www.courtlistener.com/opinion/8670919/price-v-price/?q=price&type=o&order_by=score+desc&stat_Published=on&filed_after=&page=1","QUOTA_EXCEEDED: 盲禄聤忙聴楼氓录聜忙颅楼忙聭聵猫娄聛忙卢隆忙聲掳氓路虏猫戮戮盲赂聤茅聶聬"
"zh","渚垫潈","24AP-230 & 24AP-231","State v.Price(Ohio Ct. App. 2024)","US","START_FAILED",9,0,"https://www.courtlistener.com/opinion/10292351/state-v-price/?q=price&type=o&order_by=score+desc&stat_Published=on&filed_after=&page=2","QUOTA_EXCEEDED: 盲禄聤忙聴楼氓录聜忙颅楼忙聭聵猫娄聛忙卢隆忙聲掳氓路虏猫戮戮盲赂聤茅聶聬"
"zh","渚垫潈","2019 CA 00152","Pricev.Price(Ohio Ct. App. 2020)","US","START_FAILED",9,0,"https://www.courtlistener.com/opinion/4758403/price-v-price/?q=price&type=o&order_by=score+desc&stat_Published=on&filed_after=&page=1","QUOTA_EXCEEDED: 盲禄聤忙聴楼氓录聜忙颅楼忙聭聵猫娄聛忙卢隆忙聲掳氓路虏猫戮戮盲赂聤茅聶聬"
"zh","鍚堝悓","S-23-122","Perkins Cty. Bd. of Equal. v. Mid America Agri Prods. (Neb. 2024)","US","START_FAILED",8,0,"https://www.courtlistener.com/opinion/9999344/perkins-cty-bd-of-equal-v-mid-america-agri-prods/?q=equal&type=o&order_by=score+desc&stat_Published=on&filed_after=&page=2","QUOTA_EXCEEDED: 盲禄聤忙聴楼氓录聜忙颅楼忙聭聵猫娄聛忙卢隆忙聲掳氓路虏猫戮戮盲赂聤茅聶聬"
"zh","鍚堝悓","14-10949","Texas v.Equal Employment Opportunity Commission (5th Cir. 2016)","US","START_FAILED",8,0,"https://www.courtlistener.com/opinion/4259496/texas-v-equal-employment-opportunity-commission/?q=equal&type=o&order_by=score+desc&stat_Published=on&filed_after=&page=1","QUOTA_EXCEEDED: 盲禄聤忙聴楼氓录聜忙颅楼忙聭聵猫娄聛忙卢隆忙聲掳氓路虏猫戮戮盲赂聤茅聶聬"
"zh","淇濋櫓","14-16-00831-CV","氓聟聥茅聡聦忙聳炉忙聣聵氓录聴脗路氓聯楼盲录娄氓赂聝猫炉聣猫戮鹿氓垄聝氓聬聢氓聬聦忙聹聧氓聤隆忙聹聣茅聶聬猫麓拢盲禄禄氓聟卢氓聫赂茂录聢氓戮路氓聟聥猫聬篓忙聳炉氓路聻莽聰鲁猫炉路-盲录聭忙聳炉茅隆驴[14氓聦潞]2017茂录聣","US","START_FAILED",9,0,"https://www.courtlistener.com/opinion/4412693/christopher-columbus-v-frontier-contract-services-llc/?q=contract&type=o&order_by=score+desc&stat_Published=on&filed_after=&page=2","QUOTA_EXCEEDED: 盲禄聤忙聴楼氓录聜忙颅楼忙聭聵猫娄聛忙卢隆忙聲掳氓路虏猫戮戮盲赂聤茅聶聬"
"zh","淇濋櫓","ED 96102","Jansen v.contractor茂录聦猫聜隆盲禄陆忙聹聣茅聶聬氓聟卢氓聫赂茂录聢忙聜篓莽職聞CT.App.2011茂录聣","US","START_FAILED",9,0,"https://www.courtlistener.com/opinion/2543520/jansen-v-contract-transport-inc/?q=contract&type=o&order_by=score+desc&stat_Published=on&filed_after=&page=2","QUOTA_EXCEEDED: 盲禄聤忙聴楼氓录聜忙颅楼忙聭聵猫娄聛忙卢隆忙聲掳氓路虏猫戮戮盲赂聤茅聶聬"
"zh","淇濋櫓","MDL No. 2650","猫聝陆忙潞聬茅聮禄盲潞聲忙聹聣茅聶聬猫麓拢盲禄禄氓聟卢氓聫赂氓聬聢氓聬聦猫炉聣猫庐录茂录聢J.P.M.L.2015茂录聣","US","START_FAILED",8,0,"https://www.courtlistener.com/opinion/7316470/in-re-energy-drilling-llc-contract-litigation/?q=contract&type=o&order_by=score+desc&stat_Published=on&filed_after=&page=1","QUOTA_EXCEEDED: 盲禄聤忙聴楼氓录聜忙颅楼忙聭聵猫娄聛忙卢隆忙聲掳氓路虏猫戮戮盲赂聤茅聶聬"
"zh","渚垫潈","672-9-11 rdcv","schiller v.price(Vt. Super. Ct. 2023)","US","START_FAILED",9,0,"https://www.courtlistener.com/opinion/9456470/schiller-v-price/?q=price&type=o&order_by=score+desc&stat_Published=on&filed_after=&page=2","QUOTA_EXCEEDED: 盲禄聤忙聴楼氓录聜忙颅楼忙聭聵猫娄聛忙卢隆忙聲掳氓路虏猫戮戮盲赂聤茅聶聬"
"zh","渚垫潈","2150617","Pricev.Price(Ala. Civ. App. 2016)","US","START_FAILED",9,0,"https://www.courtlistener.com/opinion/5035453/price-v-price/?q=price&type=o&order_by=score+desc&stat_Published=on&filed_after=&page=1","QUOTA_EXCEEDED: 盲禄聤忙聴楼氓录聜忙颅楼忙聭聵猫娄聛忙卢隆忙聲掳氓路虏猫戮戮盲赂聤茅聶聬"
"zh","淇濋櫓","24-1931","Nicholls猫炉聣莽戮聨氓聸陆猫聜隆盲禄陆忙聹聣茅聶聬氓聟卢氓聫赂氓篓聛莽芦聥茅聸聟忙掳麓氓聤隆氓聬聢氓聬聦猫驴聬猫聬楼氓聟卢氓聫赂茂录聢2025氓鹿麓莽卢卢盲赂聙氓路隆氓聸聻忙鲁聲氓潞颅茂录聣","US","DONE",5012,506,"https://www.courtlistener.com/opinion/10638811/nicholls-v-veolia-water-contract-operations-usa-inc/?q=contract&type=o&order_by=score+desc&stat_Published=on&filed_after=&page=1",""
"zh","渚垫潈","L-24-1014","State v.Price(Ohio Ct. App. 2025)","US","START_FAILED",9,0,"https://www.courtlistener.com/opinion/10347742/state-v-price/?q=price&type=o&order_by=score+desc&stat_Published=on&filed_after=&page=1","QUOTA_EXCEEDED: 盲禄聤忙聴楼氓录聜忙颅楼忙聭聵猫娄聛忙卢隆忙聲掳氓路虏猫戮戮盲赂聤茅聶聬"
"zh","鍚堝悓","18-7251","Jordan v.Equal Emp't Opportunity Comm'n (2019)","US","START_FAILED",8,0,"https://www.courtlistener.com/opinion/9358473/jordan-v-equal-empt-opportunity-commn/?q=equal&type=o&order_by=score+desc&stat_Published=on&filed_after=&page=2","QUOTA_EXCEEDED: 盲禄聤忙聴楼氓录聜忙颅楼忙聭聵猫娄聛忙卢隆忙聲掳氓路虏猫戮戮盲赂聤茅聶聬"
"zh","淇濋櫓","18-50144","Esteban Garcia猫炉聣盲赂聯盲赂職氓聬聢氓聬聦氓聟卢氓聫赂茂录聢2019氓鹿麓莽卢卢盲潞聰氓路隆氓聸聻忙鲁聲氓潞颅茂录聣","US","START_FAILED",9,0,"https://www.courtlistener.com/opinion/4660039/esteban-garcia-v-professional-contract-svc-inc/?q=contract&type=o&order_by=score+desc&stat_Published=on&filed_after=&page=2","QUOTA_EXCEEDED: 盲禄聤忙聴楼氓录聜忙颅楼忙聭聵猫娄聛忙卢隆忙聲掳氓路虏猫戮戮盲赂聤茅聶聬"
"zh","渚垫潈","390, 2021","Pricev. Boulos (Del. 2022)","US","START_FAILED",9,0,"https://www.courtlistener.com/opinion/7855655/price-v-boulos/?q=price&type=o&order_by=score+desc&stat_Published=on&filed_after=&page=2","QUOTA_EXCEEDED: 盲禄聤忙聴楼氓录聜忙颅楼忙聭聵猫娄聛忙卢隆忙聲掳氓路虏猫戮戮盲赂聤茅聶聬"
"zh","淇濋櫓","No. 11 Civ. 3004(AT)","Mc Glone猫炉聣氓聬聢氓聬聦氓聭录氓聫芦猫聙聟茂录聦猫聜隆盲禄陆忙聹聣茅聶聬氓聟卢氓聫赂茂录聢S.D.N.Y.2014茂录聣","US","START_FAILED",9,0,"https://www.courtlistener.com/opinion/7308956/mcglone-v-contract-callers-inc/?q=contract&type=o&order_by=score+desc&stat_Published=on&filed_after=&page=1","QUOTA_EXCEEDED: 盲禄聤忙聴楼氓录聜忙颅楼忙聭聵猫娄聛忙卢隆忙聲掳氓路虏猫戮戮盲赂聤茅聶聬"
"zh","淇濋櫓","ASBCA No. 61336, 61564","猫聜隆盲禄陆忙聹聣茅聶聬氓聟卢氓聫赂氓聬聢氓聬聦猫拢聟茅楼掳氓聟卢氓聫赂茂录聢A.S.B.C.A.2018茂录聣","US","START_FAILED",9,0,"https://www.courtlistener.com/opinion/4515328/contract-decor-inc/?q=contract&type=o&order_by=score+desc&stat_Published=on&filed_after=&page=1","QUOTA_EXCEEDED: 盲禄聤忙聴楼氓录聜忙颅楼忙聭聵猫娄聛忙卢隆忙聲掳氓路虏猫戮戮盲赂聤茅聶聬"
"zh","鍚堝悓","Civil Action No. 2022-0728","North Texas Equal Access Fund v. America First Legal Foundation (D.D.C. 2023)","US","START_FAILED",10,0,"https://www.courtlistener.com/opinion/9434981/north-texas-equal-access-fund-v-america-first-legal-foundation/?q=equal&type=o&order_by=score+desc&stat_Published=on&filed_after=&page=2","QUOTA_EXCEEDED: 盲禄聤忙聴楼氓录聜忙颅楼忙聭聵猫娄聛忙卢隆忙聲掳氓路虏猫戮戮盲赂聤茅聶聬"
"zh","渚垫潈","2024-CA-69","State v.Price(Ohio Ct. App. 2025)","US","START_FAILED",9,0,"https://www.courtlistener.com/opinion/10385044/state-v-price/?q=price&type=o&order_by=score+desc&stat_Published=on&filed_after=&page=1","QUOTA_EXCEEDED: 盲禄聤忙聴楼氓录聜忙颅楼忙聭聵猫娄聛忙卢隆忙聲掳氓路虏猫戮戮盲赂聤茅聶聬"
"zh","鍚堝悓","A-18-1091","Millard Lumber v. Douglas Cty. Bd. of Equal. (Neb. Ct. App. 2019)","US","START_FAILED",9,0,"https://www.courtlistener.com/opinion/4656284/millard-lumber-v-douglas-cty-bd-of-equal/?q=equal&type=o&order_by=score+desc&stat_Published=on&filed_after=&page=3","QUOTA_EXCEEDED: 盲禄聤忙聴楼氓录聜忙颅楼忙聭聵猫娄聛忙卢隆忙聲掳氓路虏猫戮戮盲赂聤茅聶聬"
"zh","渚垫潈","Civil Action No. 2017-0797","Greenwald v.Price(D.D.C. 2024)","US","START_FAILED",9,0,"https://www.courtlistener.com/opinion/10028048/greenwald-v-price/?q=price&type=o&order_by=score+desc&stat_Published=on&filed_after=&page=1","QUOTA_EXCEEDED: 盲禄聤忙聴楼氓录聜忙颅楼忙聭聵猫娄聛忙卢隆忙聲掳氓路虏猫戮戮盲赂聤茅聶聬"
"zh","鍚堝悓","163375","Fair and Equal Michigan v. Board of State Canvasser (Mich. 2021)","US","START_FAILED",8,0,"https://www.courtlistener.com/opinion/5065525/fair-and-equal-michigan-v-board-of-state-canvasser/?q=equal&type=o&order_by=score+desc&stat_Published=on&filed_after=&page=2","QUOTA_EXCEEDED: 盲禄聤忙聴楼氓录聜忙颅楼忙聭聵猫娄聛忙卢隆忙聲掳氓路虏猫戮戮盲赂聤茅聶聬"
"zh","渚垫潈","CA2024-11-127","Pricev.Price(Ohio Ct. App. 2025)","US","START_FAILED",8,0,"https://www.courtlistener.com/opinion/10632555/price-v-price/?q=price&type=o&order_by=score+desc&stat_Published=on&filed_after=&page=1","QUOTA_EXCEEDED: 盲禄聤忙聴楼氓录聜忙颅楼忙聭聵猫娄聛忙卢隆忙聲掳氓路虏猫戮戮盲赂聤茅聶聬"
"zh","淇濋櫓","19-1703","Leonid Burlaka猫炉聣氓聬聢氓聬聦猫驴聬猫戮聯忙聹聧氓聤隆忙聹聣茅聶聬猫麓拢盲禄禄氓聟卢氓聫赂茂录聢2020氓鹿麓莽卢卢盲赂聝氓路隆氓聸聻忙鲁聲氓潞颅茂录聣","US","START_FAILED",9,0,"https://www.courtlistener.com/opinion/4777594/leonid-burlaka-v-contract-transport-services-ll/?q=contract&type=o&order_by=score+desc&stat_Published=on&filed_after=&page=1","QUOTA_EXCEEDED: 盲禄聤忙聴楼氓录聜忙颅楼忙聭聵猫娄聛忙卢隆忙聲掳氓路虏猫戮戮盲赂聤茅聶聬"
"zh","淇濋櫓","No. MDL 2560","氓聟鲁盲潞聨Cleannet莽聣鹿猫庐赂莽禄聫猫聬楼氓聧聫猫庐庐氓聬聢氓聬聦猫炉聣猫庐录茂录聢J.P.M.L.2014茂录聣","US","START_FAILED",10,0,"https://www.courtlistener.com/opinion/7308132/in-re-cleannet-franchise-agreement-contract-litigation/?q=contract&type=o&order_by=score+desc&stat_Published=on&filed_after=&page=2","QUOTA_EXCEEDED: 盲禄聤忙聴楼氓录聜忙颅楼忙聭聵猫娄聛忙卢隆忙聲掳氓路虏猫戮戮盲赂聤茅聶聬"
"zh","鍚堝悓","Civil Action No. 2017-1272","Equal Rights Center v. Uber Technologies, Inc. (D.D.C. 2021)","US","START_FAILED",11,0,"https://www.courtlistener.com/opinion/4864231/equal-rights-center-v-uber-technologies-inc/?q=equal&type=o&order_by=score+desc&stat_Published=on&filed_after=&page=1","QUOTA_EXCEEDED: 盲禄聤忙聴楼氓录聜忙颅楼忙聭聵猫娄聛忙卢隆忙聲掳氓路虏猫戮戮盲赂聤茅聶聬"
"zh","淇濋櫓","Nos. 14-2148, 14-2206","猫聜隆盲禄陆忙聹聣茅聶聬氓聟卢氓聫赂氓聬聢氓聬聦猫庐戮猫庐隆茅聸聠氓聸垄猫炉聣茅聼娄忙聛漏氓路聻莽芦聥氓陇搂氓颅娄茂录聢2015氓鹿麓莽卢卢6氓路隆氓聸聻忙鲁聲氓潞颅茂录聣","US","START_FAILED",9,0,"https://www.courtlistener.com/opinion/8696115/contract-design-group-inc-v-wayne-state-university/?q=contract&type=o&order_by=score+desc&stat_Published=on&filed_after=&page=3","QUOTA_EXCEEDED: 盲禄聤忙聴楼氓录聜忙颅楼忙聭聵猫娄聛忙卢隆忙聲掳氓路虏猫戮戮盲赂聤茅聶聬"
"zh","渚垫潈","197-8-08 oecv","pricev. fairlee (Vt. Super. Ct. 2023)","US","START_FAILED",9,0,"https://www.courtlistener.com/opinion/9456536/price-v-fairlee/?q=price&type=o&order_by=score+desc&stat_Published=on&filed_after=&page=2","QUOTA_EXCEEDED: 盲禄聤忙聴楼氓录聜忙颅楼忙聭聵猫娄聛忙卢隆忙聲掳氓路虏猫戮戮盲赂聤茅聶聬"
"zh","淇濋櫓","21-2601","猫漏鹿氓搂聠忙聳炉脗路盲陆漏茅聸路忙聳炉猫炉聣忙聳炉氓聫掳忙聶庐忙聳炉氓聬聢氓聬聦盲赂聨氓聲聠盲赂職忙隆聢茂录聢莽卢卢盲赂聝氓路隆氓聸聻忙鲁聲茅聶垄茂录聦2022氓鹿麓茂录聣","US","START_FAILED",9,0,"https://www.courtlistener.com/opinion/6459693/james-perez-v-staples-contract-commercial/?q=contract&type=o&order_by=score+desc&stat_Published=on&filed_after=&page=1","QUOTA_EXCEEDED: 盲禄聤忙聴楼氓录聜忙颅楼忙聭聵猫娄聛忙卢隆忙聲掳氓路虏猫戮戮盲赂聤茅聶聬"
"zh","淇濋櫓","No. 11 Civ. 3004","Mc Glone猫炉聣氓聬聢氓聬聦氓聭录氓聫芦猫聙聟茂录聦猫聜隆盲禄陆忙聹聣茅聶聬氓聟卢氓聫赂茂录聢S.D.N.Y.2012茂录聣","US","START_FAILED",9,0,"https://www.courtlistener.com/opinion/8716098/mcglone-v-contract-callers-inc/?q=contract&type=o&order_by=score+desc&stat_Published=on&filed_after=&page=2","QUOTA_EXCEEDED: 盲禄聤忙聴楼氓录聜忙颅楼忙聭聵猫娄聛忙卢隆忙聲掳氓路虏猫戮戮盲赂聤茅聶聬"
"zh","淇濋櫓","14-24-00628-CV","Fariborz Shojai and Contract Developers茂录聦Inc v.Morrell Masonry Supply茂录聦Inc茂录聢氓戮路氓聟聥猫聬篓忙聳炉氓路聻氓潞聰莽聰篓莽篓聥氓潞聫-盲录聭忙聳炉茅隆驴[14氓聦潞]2024茂录聣","US","DONE",5016,1807,"https://www.courtlistener.com/opinion/10286101/fariborz-shojai-and-contract-developers-inc-v-morrell-masonry-supply-inc/?q=contract&type=o&order_by=score+desc&stat_Published=on&filed_after=&page=2",""
"zh","淇濋櫓","No. 2:07-MDL-01867","氓聟鲁盲潞聨Onstar氓聬聢氓聬聦猫炉聣猫庐录茂录聢氓炉聠忙颅聡忙聽鹿氓路聻E.D.茂录聦2011茂录聣","US","START_FAILED",9,0,"https://www.courtlistener.com/opinion/8780304/in-re-onstar-contract-litigation/?q=contract&type=o&order_by=score+desc&stat_Published=on&filed_after=&page=2","QUOTA_EXCEEDED: 盲禄聤忙聴楼氓录聜忙颅楼忙聭聵猫娄聛忙卢隆忙聲掳氓路虏猫戮戮盲赂聤茅聶聬"
"zh","渚垫潈","295, 2025","Pricev. State (Del. 2025)","US","START_FAILED",9,0,"https://www.courtlistener.com/opinion/10651423/price-v-state/?q=price&type=o&order_by=score+desc&stat_Published=on&filed_after=&page=1","QUOTA_EXCEEDED: 盲禄聤忙聴楼氓录聜忙颅楼忙聭聵猫娄聛忙卢隆忙聲掳氓路虏猫戮戮盲赂聤茅聶聬"
"zh","渚垫潈","113463 & 113464","State v.Price(Ohio Ct. App. 2024)","US","START_FAILED",9,0,"https://www.courtlistener.com/opinion/10034854/state-v-price/?q=price&type=o&order_by=score+desc&stat_Published=on&filed_after=&page=1","QUOTA_EXCEEDED: 盲禄聤忙聴楼氓录聜忙颅楼忙聭聵猫娄聛忙卢隆忙聲掳氓路虏猫戮戮盲赂聤茅聶聬"
"zh","渚垫潈","S-24-378","State v.Price(Neb. 2025)","US","START_FAILED",10,0,"https://www.courtlistener.com/opinion/10688438/state-v-price/?q=price&type=o&order_by=score+desc&stat_Published=on&filed_after=&page=1","QUOTA_EXCEEDED: 盲禄聤忙聴楼氓录聜忙颅楼忙聭聵猫娄聛忙卢隆忙聲掳氓路虏猫戮戮盲赂聤茅聶聬"
"zh","鍚堝悓","2160538","Kennemer v. Shelby Cnty. Bd. of Equal. (Ala. Civ. App. 2017)","US","START_FAILED",9,0,"https://www.courtlistener.com/opinion/8670320/kennemer-v-shelby-cnty-bd-of-equal/?q=equal&type=o&order_by=score+desc&stat_Published=on&filed_after=&page=2","QUOTA_EXCEEDED: 盲禄聤忙聴楼氓录聜忙颅楼忙聭聵猫娄聛忙卢隆忙聲掳氓路虏猫戮戮盲赂聤茅聶聬"
"zh","鍚堝悓","No. 13-CV-04307","Equal Employment Opportunity Commission v. Dolgencorp, LLC (N.D. Ill. 2017)","US","START_FAILED",9,0,"https://www.courtlistener.com/opinion/7325351/equal-employment-opportunity-commission-v-dolgencorp-llc/?q=equal&type=o&order_by=score+desc&stat_Published=on&filed_after=&page=2","QUOTA_EXCEEDED: 盲禄聤忙聴楼氓录聜忙颅楼忙聭聵猫娄聛忙卢隆忙聲掳氓路虏猫戮戮盲赂聤茅聶聬"
"zh","淇濋櫓","19-AA-241","氓聯楼盲录娄忙炉聰盲潞職莽聣鹿氓聦潞猫炉聣氓聯楼盲录娄忙炉聰盲潞職莽聣鹿氓聦潞氓聬聢氓聬聦盲赂聤猫炉聣氓搂聰氓聭聵盲录職茂录聢D.C.2021茂录聣","US","START_FAILED",8,0,"https://www.courtlistener.com/opinion/5298488/district-of-columbia-v-district-of-columbia-contract-appeals-board/?q=contract&type=o&order_by=score+desc&stat_Published=on&filed_after=&page=2","QUOTA_EXCEEDED: 盲禄聤忙聴楼氓录聜忙颅楼忙聭聵猫娄聛忙卢隆忙聲掳氓路虏猫戮戮盲赂聤茅聶聬"
"zh","渚垫潈","NO. 2018-00913","Pricev.Price(La. 2018)","US","START_FAILED",8,0,"https://www.courtlistener.com/opinion/7684705/price-v-price/?q=price&type=o&order_by=score+desc&stat_Published=on&filed_after=&page=1","QUOTA_EXCEEDED: 盲禄聤忙聴楼氓录聜忙颅楼忙聭聵猫娄聛忙卢隆忙聲掳氓路虏猫戮戮盲赂聤茅聶聬"
"zh","渚垫潈","A-22-687","State v.Price(Neb. Ct. App. 2023)","US","START_FAILED",8,0,"https://www.courtlistener.com/opinion/9402615/state-v-price/?q=price&type=o&order_by=score+desc&stat_Published=on&filed_after=&page=2","QUOTA_EXCEEDED: 盲禄聤忙聴楼氓录聜忙颅楼忙聭聵猫娄聛忙卢隆忙聲掳氓路虏猫戮戮盲赂聤茅聶聬"
"zh","淇濋櫓","A-5626-07T1","氓聹篓茫聙聤忙聳掳忙鲁陆猫楼驴氓路聻氓聬聢氓聬聦忙隆聢茫聙聥茂录聢忙聳掳忙鲁陆猫楼驴氓路聻忙聹聙茅芦聵忙鲁聲茅聶垄氓潞聰莽聰篓茅聝篓茅聴篓茂录聦2011氓鹿麓茂录聣盲赂颅","US","START_FAILED",8,0,"https://www.courtlistener.com/opinion/2319265/in-re-new-jersey-state-contract/?q=contract&type=o&order_by=score+desc&stat_Published=on&filed_after=&page=3","QUOTA_EXCEEDED: 盲禄聤忙聴楼氓录聜忙颅楼忙聭聵猫娄聛忙卢隆忙聲掳氓路虏猫戮戮盲赂聤茅聶聬"
"zh","淇濋櫓","02-23-00153-CV","Contract Datascan Holdings茂录聦猫聜隆盲禄陆忙聹聣茅聶聬氓聟卢氓聫赂Contract Datascan茂录聦LP D/B/A the Inventory Extras And Gwyn Nicole Snead v.Retail Services WIS Corporation D/B/A WIS International猫聜隆盲禄陆忙聹聣茅聶聬氓聟卢氓聫赂茂录聢氓戮路氓聟聥猫聬篓忙聳炉氓路聻氓潞聰莽聰篓莽篓聥氓潞聫-忙虏聝忙聙聺氓聽隆2023茂录聣","US","START_FAILED",9,0,"https://www.courtlistener.com/opinion/9442921/contract-datascan-holdings-inc-contract-datascan-lp-dba-the-inventory/?q=contract&type=o&order_by=score+desc&stat_Published=on&filed_after=&page=3","QUOTA_EXCEEDED: 盲禄聤忙聴楼氓录聜忙颅楼忙聭聵猫娄聛忙卢隆忙聲掳氓路虏猫戮戮盲赂聤茅聶聬"
"zh","鍚堝悓","No. 16-10598","Equal Employment Opportunity Commission v. Em Care, Inc. (5th Cir. 2017)","US","START_FAILED",8,0,"https://www.courtlistener.com/opinion/8443296/equal-employment-opportunity-commission-v-emcare-inc/?q=equal&type=o&order_by=score+desc&stat_Published=on&filed_after=&page=1","QUOTA_EXCEEDED: 盲禄聤忙聴楼氓录聜忙颅楼忙聭聵猫娄聛忙卢隆忙聲掳氓路虏猫戮戮盲赂聤茅聶聬"
"zh","鍚堝悓","S-23-224","Cain v. Custer Cty. Bd. of Equal. (Neb. 2024)","US","START_FAILED",9,0,"https://www.courtlistener.com/opinion/9469355/cain-v-custer-cty-bd-of-equal/?q=equal&type=o&order_by=score+desc&stat_Published=on&filed_after=&page=1","QUOTA_EXCEEDED: 盲禄聤忙聴楼氓录聜忙颅楼忙聭聵猫娄聛忙卢隆忙聲掳氓路虏猫戮戮盲赂聤茅聶聬"
"zh","渚垫潈","228, 2024","Pricev. State (Del. 2025)","US","START_FAILED",8,0,"https://www.courtlistener.com/opinion/10405503/price-v-state/?q=price&type=o&order_by=score+desc&stat_Published=on&filed_after=&page=1","QUOTA_EXCEEDED: 盲禄聤忙聴楼氓录聜忙颅楼忙聭聵猫娄聛忙卢隆忙聲掳氓路虏猫戮戮盲赂聤茅聶聬"
"zh","鍚堝悓","Civil Action No. 2019-2330","Moeller v.Equal Employment Opportunity Commission (D.D.C. 2021)","US","START_FAILED",8,0,"https://www.courtlistener.com/opinion/4864888/moeller-v-equal-employment-opportunity-commission/?q=equal&type=o&order_by=score+desc&stat_Published=on&filed_after=&page=1","QUOTA_EXCEEDED: 盲禄聤忙聴楼氓录聜忙颅楼忙聭聵猫娄聛忙卢隆忙聲掳氓路虏猫戮戮盲赂聤茅聶聬"
"zh","鍚堝悓","21-13799","Equal Employment Opportunity Commission v. Eberspaecher North America Inc. (11th Cir. 2023)","US","START_FAILED",8,0,"https://www.courtlistener.com/opinion/9397959/equal-employment-opportunity-commission-v-eberspaecher-north-america-inc/?q=equal&type=o&order_by=score+desc&stat_Published=on&filed_after=&page=2","QUOTA_EXCEEDED: 盲禄聤忙聴楼氓录聜忙颅楼忙聭聵猫娄聛忙卢隆忙聲掳氓路虏猫戮戮盲赂聤茅聶聬"
"zh","淇濋櫓","M-94 September Term 2018; 081635","氓聠聧忙卢隆忙聤聴猫庐庐忙聨聢盲潞聢DP 18116氓聬聢氓聬聦茂录聢忙聳掳忙鲁陆猫楼驴氓路聻茂录聦2018氓鹿麓茂录聣","US","START_FAILED",9,0,"https://www.courtlistener.com/opinion/8265717/in-re-protest-of-award-of-contract-dp-18116/?q=contract&type=o&order_by=score+desc&stat_Published=on&filed_after=&page=3","QUOTA_EXCEEDED: 盲禄聤忙聴楼氓录聜忙颅楼忙聭聵猫娄聛忙卢隆忙聲掳氓路虏猫戮戮盲赂聤茅聶聬"
"zh","淇濋櫓","ASBCA No. 60401","氓聸陆茅聶聟氓聬聢氓聬聦氓聢露茅聙聽盲赂聨猫庐戮猫庐隆茂录聢A.S.B.C.A.2016茂录聣","US","START_FAILED",8,0,"https://www.courtlistener.com/opinion/4241762/contract-fabrication-design-international/?q=contract&type=o&order_by=score+desc&stat_Published=on&filed_after=&page=1","QUOTA_EXCEEDED: 盲禄聤忙聴楼氓录聜忙颅楼忙聭聵猫娄聛忙卢隆忙聲掳氓路虏猫戮戮盲赂聤茅聶聬"
"zh","淇濋櫓","CA2019-11-193 CA2019-11-195","氓聬聢氓聬聦盲戮聸氓潞聰茂录聦猫聜隆盲禄陆忙聹聣茅聶聬氓聟卢氓聫赂猫炉聣T.H.Marsh Constr茫聙聜氓聟卢氓聫赂茂录聢盲驴聞盲潞楼盲驴聞氓路聻猫聛聰茅聜娄氓潞聰莽聰篓莽篓聥氓潞聫茂录聦2020茂录聣","US","START_FAILED",9,0,"https://www.courtlistener.com/opinion/4772440/contract-supply-inc-v-th-marsh-constr-co/?q=contract&type=o&order_by=score+desc&stat_Published=on&filed_after=&page=2","QUOTA_EXCEEDED: 盲禄聤忙聴楼氓录聜忙颅楼忙聭聵猫娄聛忙卢隆忙聲掳氓路虏猫戮戮盲赂聤茅聶聬"
"zh","淇濋櫓","No. 2010-CA-01076-COA","EMJ Corp.猫炉聣氓聬聢氓聬聦茅聮垄莽禄聯忙聻聞猫聜隆盲禄陆忙聹聣茅聶聬氓聟卢氓聫赂茂录聢盲赂聤猫炉聣忙鲁聲茅聶垄茂录聦2012氓鹿麓茂录聣","US","START_FAILED",8,0,"https://www.courtlistener.com/opinion/5055983/emj-corp-v-contract-steel-construction-inc/?q=contract&type=o&order_by=score+desc&stat_Published=on&filed_after=&page=3","QUOTA_EXCEEDED: 盲禄聤忙聴楼氓录聜忙颅楼忙聭聵猫娄聛忙卢隆忙聲掳氓路虏猫戮戮盲赂聤茅聶聬"
"zh","鍚堝悓","20-1802P","Equal Means Equalv. Ferriero (1st Cir. 2021)","US","START_FAILED",8,0,"https://www.courtlistener.com/opinion/4895880/equal-means-equal-v-ferriero/?q=equal&type=o&order_by=score+desc&stat_Published=on&filed_after=&page=1","QUOTA_EXCEEDED: 盲禄聤忙聴楼氓录聜忙颅楼忙聭聵猫娄聛忙卢隆忙聲掳氓路虏猫戮戮盲赂聤茅聶聬"
"zh","渚垫潈","2160133","Pricev.Price(Ala. Civ. App. 2017)","US","START_FAILED",8,0,"https://www.courtlistener.com/opinion/7675483/price-v-price/?q=price&type=o&order_by=score+desc&stat_Published=on&filed_after=&page=1","QUOTA_EXCEEDED: 盲禄聤忙聴楼氓录聜忙颅楼忙聭聵猫娄聛忙卢隆忙聲掳氓路虏猫戮戮盲赂聤茅聶聬"
"zh","渚垫潈","23-20131","Pricev. Valvoline (5th Cir. 2023)","US","START_FAILED",9,0,"https://www.courtlistener.com/opinion/9453167/price-v-valvoline/?q=price&type=o&order_by=score+desc&stat_Published=on&filed_after=&page=2","QUOTA_EXCEEDED: 盲禄聤忙聴楼氓录聜忙颅楼忙聭聵猫娄聛忙卢隆忙聲掳氓路虏猫戮戮盲赂聤茅聶聬"
"zh","鍚堝悓","S-23-296","A & P II v. Lancaster Cty. Bd. of Equal. (Neb. 2024)","US","START_FAILED",8,0,"https://www.courtlistener.com/opinion/9484440/a-p-ii-v-lancaster-cty-bd-of-equal/?q=equal&type=o&order_by=score+desc&stat_Published=on&filed_after=&page=3","QUOTA_EXCEEDED: 盲禄聤忙聴楼氓录聜忙颅楼忙聭聵猫娄聛忙卢隆忙聲掳氓路虏猫戮戮盲赂聤茅聶聬"
"zh","鍚堝悓","S-17-370","Cain v. Custer Cty. Bd. of Equal. (Neb. 2018)","US","START_FAILED",8,0,"https://www.courtlistener.com/opinion/4492910/cain-v-custer-cty-bd-of-equal/?q=equal&type=o&order_by=score+desc&stat_Published=on&filed_after=&page=3","QUOTA_EXCEEDED: 盲禄聤忙聴楼氓录聜忙颅楼忙聭聵猫娄聛忙卢隆忙聲掳氓路虏猫戮戮盲赂聤茅聶聬"
"zh","淇濋櫓","2019-03-1017","忙聹聥氓聫聥茂录聦猫聜炉氓掳录忙聳炉猫炉聣忙聳炉氓聫掳忙聶庐忙聳炉氓聬聢氓聬聦盲赂聨氓聲聠盲赂職忙聹聣茅聶聬猫麓拢盲禄禄氓聟卢氓聫赂茂录聢Tenn.Work.Comp.App.Bd.2020茂录聣","US","START_FAILED",8,0,"https://www.courtlistener.com/opinion/4780221/friend-kenneth-v-staples-contract-and-commercial-llc/?q=contract&type=o&order_by=score+desc&stat_Published=on&filed_after=&page=2","QUOTA_EXCEEDED: 盲禄聤忙聴楼氓录聜忙颅楼忙聭聵猫娄聛忙卢隆忙聲掳氓路虏猫戮戮盲赂聤茅聶聬"
"zh","渚垫潈","3-23-04","State v.Price(Ohio Ct. App. 2023)","US","START_FAILED",8,0,"https://www.courtlistener.com/opinion/9430650/state-v-price/?q=price&type=o&order_by=score+desc&stat_Published=on&filed_after=&page=2","QUOTA_EXCEEDED: 盲禄聤忙聴楼氓录聜忙颅楼忙聭聵猫娄聛忙卢隆忙聲掳氓路虏猫戮戮盲赂聤茅聶聬"
"zh","渚垫潈","5-23-04","Martens v.Price(Ohio Ct. App. 2023)","US","START_FAILED",8,0,"https://www.courtlistener.com/opinion/9449433/martens-v-price/?q=price&type=o&order_by=score+desc&stat_Published=on&filed_after=&page=2","QUOTA_EXCEEDED: 盲禄聤忙聴楼氓录聜忙颅楼忙聭聵猫娄聛忙卢隆忙聲掳氓路虏猫戮戮盲赂聤茅聶聬"
"zh","渚垫潈","Index No. 608551/20","Crudele v.Price(N.Y. App. Div. 2023)","US","START_FAILED",8,0,"https://www.courtlistener.com/opinion/9413011/crudele-v-price/?q=price&type=o&order_by=score+desc&stat_Published=on&filed_after=&page=2","QUOTA_EXCEEDED: 盲禄聤忙聴楼氓录聜忙颅楼忙聭聵猫娄聛忙卢隆忙聲掳氓路虏猫戮戮盲赂聤茅聶聬"
"zh","渚垫潈","113540","State v.Price(Ohio Ct. App. 2024)","US","START_FAILED",8,0,"https://www.courtlistener.com/opinion/10284863/state-v-price/?q=price&type=o&order_by=score+desc&stat_Published=on&filed_after=&page=1","QUOTA_EXCEEDED: 盲禄聤忙聴楼氓录聜忙颅楼忙聭聵猫娄聛忙卢隆忙聲掳氓路虏猫戮戮盲赂聤茅聶聬"
"zh","渚垫潈","No. 95921-8","Pricev.Price(Wash. 2018)","US","START_FAILED",8,0,"https://www.courtlistener.com/opinion/6657244/price-v-price/?q=price&type=o&order_by=score+desc&stat_Published=on&filed_after=&page=1","QUOTA_EXCEEDED: 盲禄聤忙聴楼氓录聜忙颅楼忙聭聵猫娄聛忙卢隆忙聲掳氓路虏猫戮戮盲赂聤茅聶聬"
"zh","淇濋櫓","13-AA-362","Unfoldment茂录聦猫聜隆盲禄陆忙聹聣茅聶聬氓聟卢氓聫赂猫炉聣DCContract盲赂聤猫炉聣忙聹聣茅聶聬氓聟卢氓聫赂茂录聢D.C.2017茂录聣","US","START_FAILED",8,0,"https://www.courtlistener.com/opinion/5155415/unfoldment-inc-v-dc-contract-appeals-bd/?q=contract&type=o&order_by=score+desc&stat_Published=on&filed_after=&page=1","QUOTA_EXCEEDED: 盲禄聤忙聴楼氓录聜忙颅楼忙聭聵猫娄聛忙卢隆忙聲掳氓路虏猫戮戮盲赂聤茅聶聬"
"en","privacy","Civil Action No. 2022-2412","Sherven v.Privacyand Civil Liberties Oversight Board (D.D.C. 2023)","US","START_FAILED",8,0,"https://www.courtlistener.com/opinion/9371885/sherven-v-privacy-and-civil-liberties-oversight-board/?q=privacy&type=o&order_by=score+desc&stat_Published=on&filed_after=&page=1","QUOTA_EXCEEDED: 盲禄聤忙聴楼氓录聜忙颅楼忙聭聵猫娄聛忙卢隆忙聲掳氓路虏猫戮戮盲赂聤茅聶聬"
"en","contract","Index No. 619183/18","氓聬聢氓聬聦氓聢露猫聧炉氓聟卢氓聫赂猫炉聣氓聧掳氓潞娄猫聢陋莽漏潞氓聟卢氓聫赂茫聙聜茅聸聠氓聸垄茂录聢莽潞陆莽潞娄氓潞聰莽聰篓茅聝篓茅聴篓2024茂录聣","US","DONE",5016,1388,"https://www.courtlistener.com/opinion/9479368/contract-pharmacal-corp-v-air-indus-group/?q=contract&type=o&order_by=score+desc&stat_Published=on&filed_after=&page=1",""
"en","contract","20-1016","Larry Ballard猫炉聣茅聴陋莽聰碌氓聬聢氓聬聦忙聹聧氓聤隆茂录聦猫聜隆盲禄陆忙聹聣茅聶聬氓聟卢氓聫赂茂录聢猫楼驴氓录聴氓聬聣氓掳录盲潞職氓路聻茂录聦2022氓鹿麓茂录聣","US","DONE",5023,1637,"https://www.courtlistener.com/opinion/6453966/larry-ballard-v-lightning-contract-services-inc/?q=contract&type=o&order_by=score+desc&stat_Published=on&filed_after=&page=1",""
"en","privacy","Case No. 15-cv-03747-JD","In re Facebook Biometric Information Privacy Litigation (N.D. Cal. 2016)","US","START_FAILED",9,0,"https://www.courtlistener.com/opinion/7320186/in-re-facebook-biometric-information-privacy-litigation/?q=privacy&type=o&order_by=score+desc&stat_Published=on&filed_after=&page=2","QUOTA_EXCEEDED: 盲禄聤忙聴楼氓录聜忙颅楼忙聭聵猫娄聛忙卢隆忙聲掳氓路虏猫戮戮盲赂聤茅聶聬"
"en","privacy","Civil Action No. 2017-0670","Electronic Privacy Information Center v. Internal Revenue Service (D.D.C. 2017)","US","START_FAILED",9,0,"https://www.courtlistener.com/opinion/4420013/electronic-privacy-information-center-v-internal-revenue-service/?q=privacy&type=o&order_by=score+desc&stat_Published=on&filed_after=&page=2","QUOTA_EXCEEDED: 盲禄聤忙聴楼氓录聜忙颅楼忙聭聵猫娄聛忙卢隆忙聲掳氓路虏猫戮戮盲赂聤茅聶聬"
"en","privacy","15-15858","Google Referrer Header Privacy Litigation v. Holyoak (9th Cir. 2017)","US","START_FAILED",9,0,"https://www.courtlistener.com/opinion/4420733/google-referrer-header-privacy-litigation-v-holyoak/?q=privacy&type=o&order_by=score+desc&stat_Published=on&filed_after=&page=2","QUOTA_EXCEEDED: 盲禄聤忙聴楼氓录聜忙颅楼忙聭聵猫娄聛忙卢隆忙聲掳氓路虏猫戮戮盲赂聤茅聶聬"
"en","privacy","20-5364","Electronic Privacy Information Center v. DOJ (D.C. Cir. 2021)","US","START_FAILED",9,0,"https://www.courtlistener.com/opinion/5301494/electronic-privacy-information-center-v-doj/?q=privacy&type=o&order_by=score+desc&stat_Published=on&filed_after=&page=1","QUOTA_EXCEEDED: 盲禄聤忙聴楼氓录聜忙颅楼忙聭聵猫娄聛忙卢隆忙聲掳氓路虏猫戮戮盲赂聤茅聶聬"
"en","privacy","Case No. 11-cv-03764-LB","In re Hulu Privacy Litigation (N.D. Cal. 2015)","US","START_FAILED",9,0,"https://www.courtlistener.com/opinion/7312002/in-re-hulu-privacy-litigation/?q=privacy&type=o&order_by=score+desc&stat_Published=on&filed_after=&page=1","QUOTA_EXCEEDED: 盲禄聤忙聴楼氓录聜忙颅楼忙聭聵猫娄聛忙卢隆忙聲掳氓路虏猫戮戮盲赂聤茅聶聬"
"en","contract","14-781","莽戮聨氓聸陆猫炉聣CMS氓聬聢氓聬聦莽庐隆莽聬聠茫聙聜忙聹聧氓聤隆茫聙聜 (2015)","US","DONE",5014,1482,"https://www.courtlistener.com/opinion/8174075/united-states-v-cms-contract-mgmt-servs/?q=contract&type=o&order_by=score+desc&stat_Published=on&filed_after=&page=2",""
"en","contract","ASBCA No. 61336, 61564","猫聜隆盲禄陆忙聹聣茅聶聬氓聟卢氓聫赂氓聬聢氓聬聦猫拢聟茅楼掳氓聟卢氓聫赂茂录聢A.S.B.C.A.2018茂录聣","US","START_FAILED",8,0,"https://www.courtlistener.com/opinion/4515328/contract-decor-inc/?q=contract&type=o&order_by=score+desc&stat_Published=on&filed_after=&page=1","QUOTA_EXCEEDED: 盲禄聤忙聴楼氓录聜忙颅楼忙聭聵猫娄聛忙卢隆忙聲掳氓路虏猫戮戮盲赂聤茅聶聬"
"en","privacy","Case No. 1:17-cv-00410 (TNM)","Elec.Privacy Info. Ctr. v. Dep't of Justice (D.C. Cir. 2018)","US","START_FAILED",8,0,"https://www.courtlistener.com/opinion/7331013/elec-privacy-info-ctr-v-dept-of-justice/?q=privacy&type=o&order_by=score+desc&stat_Published=on&filed_after=&page=2","QUOTA_EXCEEDED: 盲禄聤忙聴楼氓录聜忙颅楼忙聭聵猫娄聛忙卢隆忙聲掳氓路虏猫戮戮盲赂聤茅聶聬"
"en","contract","No. 11 Civ. 3004","Mc Glone猫炉聣氓聬聢氓聬聦氓聭录氓聫芦猫聙聟茂录聦猫聜隆盲禄陆忙聹聣茅聶聬氓聟卢氓聫赂茂录聢S.D.N.Y.2012茂录聣","US","START_FAILED",9,0,"https://www.courtlistener.com/opinion/8716098/mcglone-v-contract-callers-inc/?q=contract&type=o&order_by=score+desc&stat_Published=on&filed_after=&page=2","QUOTA_EXCEEDED: 盲禄聤忙聴楼氓录聜忙颅楼忙聭聵猫娄聛忙卢隆忙聲掳氓路虏猫戮戮盲赂聤茅聶聬"
"en","privacy","25-5197","Travis Le Blanc v. United States Privacyand Civil Liberties (D.C. Cir. 2025)","US","START_FAILED",8,0,"https://www.courtlistener.com/opinion/10599268/travis-leblanc-v-united-states-privacy-and-civil-liberties/?q=privacy&type=o&order_by=score+desc&stat_Published=on&filed_after=&page=1","QUOTA_EXCEEDED: 盲禄聤忙聴楼氓录聜忙颅楼忙聭聵猫娄聛忙卢隆忙聲掳氓路虏猫戮戮盲赂聤茅聶聬"
"en","contract","No. 12-49 C","氓聬聢氓聬聦忙聹聧氓聤隆茂录聦猫聜隆盲禄陆忙聹聣茅聶聬氓聟卢氓聫赂猫炉聣莽戮聨氓聸陆茂录聢猫聛聰茅聜娄忙鲁聲茅聶垄茂录聦2012氓鹿麓茂录聣","US","DONE",5014,1387,"https://www.courtlistener.com/opinion/6779439/contract-services-inc-v-united-states/?q=contract&type=o&order_by=score+desc&stat_Published=on&filed_after=&page=3",""
"en","contract","A22D0267","Cummings氓聬聢氓聬聦忙聹聧氓聤隆氓聟卢氓聫赂猫炉聣Brittany Heyward茂录聢盲陆聬忙虏禄盲潞職氓路聻猫聛聰茅聜娄氓潞聰莽聰篓莽篓聥氓潞聫2022茂录聣","US","DONE",5021,1281,"https://www.courtlistener.com/opinion/6453330/cummings-contract-services-corp-v-brittany-heyward/?q=contract&type=o&order_by=score+desc&stat_Published=on&filed_after=&page=1",""
"en","contract","No. WD 74559","猫驴聬猫戮聯莽搂聼猫碌聛/氓聬聢氓聬聦茂录聦猫聜隆盲禄陆忙聹聣茅聶聬氓聟卢氓聫赂猫炉聣莽陆聴氓聟鹿忙隆聢茂录聢氓聫赂忙鲁聲茅聝篓茂录聦2012氓鹿麓茂录聣","US","DONE",5012,1294,"https://www.courtlistener.com/opinion/5282517/transport-leasingcontract-inc-v-rhodes/?q=contract&type=o&order_by=score+desc&stat_Published=on&filed_after=&page=2",""
"en","contract","ASBCA No. 59604","氓聬聢氓聬聦莽庐隆莽聬聠茂录聦猫聜隆盲禄陆忙聹聣茅聶聬氓聟卢氓聫赂d.b.a.莽戮聨氓聸陆茅聛聯猫路炉茂录聢a.S.b.C.a.2016茂录聣","US","DONE",5020,933,"https://www.courtlistener.com/opinion/3203723/contract-management-inc-dba-us-roads/?q=contract&type=o&order_by=score+desc&stat_Published=on&filed_after=&page=3",""
"en","contract","No. 11-cv-3004 (JSR)","Mc Glone猫炉聣氓聬聢氓聬聦氓聭录氓聫芦猫聙聟猫聜隆盲禄陆忙聹聣茅聶聬氓聟卢氓聫赂忙隆聢茂录聢S.D.N.Y.2015茂录聣","US","DONE",5017,1524,"https://www.courtlistener.com/opinion/7314310/mcglone-v-contract-callers-inc/?q=contract&type=o&order_by=score+desc&stat_Published=on&filed_after=&page=1",""
"en","privacy","No. 16-1297","Elec.Privacy Info. Ctr. v. Fed. Aviation Admin. (D.C. Cir. 2018)","US","START_FAILED",8,0,"https://www.courtlistener.com/opinion/8439949/elec-privacy-info-ctr-v-fed-aviation-admin/?q=privacy&type=o&order_by=score+desc&stat_Published=on&filed_after=&page=1","QUOTA_EXCEEDED: 盲禄聤忙聴楼氓录聜忙颅楼忙聭聵猫娄聛忙卢隆忙聲掳氓路虏猫戮戮盲赂聤茅聶聬"
"en","contract","12-852C, 12-853C, 12-862C, 12-864C, & 12-869C","Cms氓聬聢氓聬聦莽庐隆莽聬聠忙聹聧氓聤隆氓聟卢氓聫赂猫炉聣莽戮聨氓聸陆茂录聢猫聛聰茅聜娄忙鲁聲猫搂聞茂录聦2015氓鹿麓茂录聣","US","DONE",5020,1586,"https://www.courtlistener.com/opinion/3005581/cms-contract-management-services-v-united-states/?q=contract&type=o&order_by=score+desc&stat_Published=on&filed_after=&page=2",""
"en","contract","19-1703","Leonid Burlaka猫炉聣氓聬聢氓聬聦猫驴聬猫戮聯忙聹聧氓聤隆忙聹聣茅聶聬猫麓拢盲禄禄氓聟卢氓聫赂茂录聢2020氓鹿麓莽卢卢盲赂聝氓路隆氓聸聻忙鲁聲氓潞颅茂录聣","US","START_FAILED",9,0,"https://www.courtlistener.com/opinion/4777594/leonid-burlaka-v-contract-transport-services-ll/?q=contract&type=o&order_by=score+desc&stat_Published=on&filed_after=&page=1","QUOTA_EXCEEDED: 盲禄聤忙聴楼氓录聜忙颅楼忙聭聵猫娄聛忙卢隆忙聲掳氓路虏猫戮戮盲赂聤茅聶聬"
"en","contract","22-1134","茅漏卢氓潞聯忙聳炉猫炉聣莽戮聨氓聸陆氓聬聢氓聬聦忙隆楼猫聛聰莽聸聼忙隆聢茂录聢2023氓鹿麓莽卢卢盲赂聙氓路隆氓聸聻忙鲁聲氓潞颅茂录聣","US","DONE",5024,1606,"https://www.courtlistener.com/opinion/9420161/marcus-v-american-contract-bridge-league/?q=contract&type=o&order_by=score+desc&stat_Published=on&filed_after=&page=1",""
"en","contract","Nos. 14-2148, 14-2206","猫聜隆盲禄陆忙聹聣茅聶聬氓聟卢氓聫赂氓聬聢氓聬聦猫庐戮猫庐隆茅聸聠氓聸垄猫炉聣茅聼娄忙聛漏氓路聻莽芦聥氓陇搂氓颅娄茂录聢2015氓鹿麓莽卢卢6氓路隆氓聸聻忙鲁聲氓潞颅茂录聣","US","START_FAILED",10,0,"https://www.courtlistener.com/opinion/8696115/contract-design-group-inc-v-wayne-state-university/?q=contract&type=o&order_by=score+desc&stat_Published=on&filed_after=&page=3","QUOTA_EXCEEDED: 盲禄聤忙聴楼氓录聜忙颅楼忙聭聵猫娄聛忙卢隆忙聲掳氓路虏猫戮戮盲赂聤茅聶聬"
"en","contract","Index No. 154920/21 Appeal No. 17 Case No. 2021-04286","忙聙禄莽聨炉氓垄聝茅聴庐茅垄聵茫聙聜忙聛垄氓陇聧猫搂拢氓聠鲁忙聳鹿忙隆聢茂录聦猫聜隆盲禄陆忙聹聣茅聶聬氓聟卢氓聫赂茂录聢TERS茂录聣猫炉聣氓聬聢氓聬聦盲潞聣猫庐庐猫搂拢氓聠鲁Bd.茂录聢莽潞陆莽潞娄氓路聻氓潞聰莽聰篓莽篓聥氓潞聫莽卢卢2023茅聝篓氓聢聠茂录聣","US","DONE",5012,1800,"https://www.courtlistener.com/opinion/9391279/matter-of-total-envtl-restoration-solutions-inc-ters-v-contract/?q=contract&type=o&order_by=score+desc&stat_Published=on&filed_after=&page=3",""
"en","privacy","MDL No. 2843","In re Facebook, Inc., Consumer Privacy User Profile Litig. (J.P.M.L. 2018)","US","START_FAILED",9,0,"https://www.courtlistener.com/opinion/7331604/in-re-facebook-inc-consumer-privacy-user-profile-litig/?q=privacy&type=o&order_by=score+desc&stat_Published=on&filed_after=&page=2","QUOTA_EXCEEDED: 盲禄聤忙聴楼氓录聜忙颅楼忙聭聵猫娄聛忙卢隆忙聲掳氓路虏猫戮戮盲赂聤茅聶聬"
"en","privacy","Civil Action No. 2017-0121","Electronic Privacy Information Center v. Federal Bureau of Investigation (D.D.C. 2018)","US","START_FAILED",9,0,"https://www.courtlistener.com/opinion/4500274/electronic-privacy-information-center-v-federal-bureau-of-investigation/?q=privacy&type=o&order_by=score+desc&stat_Published=on&filed_after=&page=3","QUOTA_EXCEEDED: 盲禄聤忙聴楼氓录聜忙颅楼忙聭聵猫娄聛忙卢隆忙聲掳氓路虏猫戮戮盲赂聤茅聶聬"
"en","privacy","Civil Action No.: 18-833 (RC)","Elec.Privacy Info. Ctr. v. Drone Advisory Comm. (D.C. Cir. 2019)","US","START_FAILED",8,0,"https://www.courtlistener.com/opinion/7334984/elec-privacy-info-ctr-v-drone-advisory-comm/?q=privacy&type=o&order_by=score+desc&stat_Published=on&filed_after=&page=1","QUOTA_EXCEEDED: 盲禄聤忙聴楼氓录聜忙颅楼忙聭聵猫娄聛忙卢隆忙聲掳氓路虏猫戮戮盲赂聤茅聶聬"
"en","privacy","15-1441","In Re Nickelodeon Consumer Privacy Litigation (3rd Cir. 2016)","US","START_FAILED",9,0,"https://www.courtlistener.com/opinion/3217357/in-re-nickelodeon-consumer-privacy-litigation/?q=privacy&type=o&order_by=score+desc&stat_Published=on&filed_after=&page=1","QUOTA_EXCEEDED: 盲禄聤忙聴楼氓录聜忙颅楼忙聭聵猫娄聛忙卢隆忙聲掳氓路虏猫戮戮盲赂聤茅聶聬"
"en","privacy","Case No. 5:10-cv-04809-EJD","In re Google Referrer Header Privacy Litigation (N.D. Cal. 2015)","US","START_FAILED",8,0,"https://www.courtlistener.com/opinion/7312075/in-re-google-referrer-header-privacy-litigation/?q=privacy&type=o&order_by=score+desc&stat_Published=on&filed_after=&page=2","QUOTA_EXCEEDED: 盲禄聤忙聴楼氓录聜忙颅楼忙聭聵猫娄聛忙卢隆忙聲掳氓路虏猫戮戮盲赂聤茅聶聬"
"en","privacy","Civil Action No. 2018-0833","Electronic Privacy Information Center v. Drone Advisory Committee (D.D.C. 2019)","US","START_FAILED",8,0,"https://www.courtlistener.com/opinion/4593571/electronic-privacy-information-center-v-drone-advisory-committee/?q=privacy&type=o&order_by=score+desc&stat_Published=on&filed_after=&page=2","QUOTA_EXCEEDED: 盲禄聤忙聴楼氓录聜忙颅楼忙聭聵猫娄聛忙卢隆忙聲掳氓路虏猫戮戮盲赂聤茅聶聬"
"en","contract","No. 2010-CA-01076-COA","EMJ Corp.猫炉聣氓聬聢氓聬聦茅聮垄莽禄聯忙聻聞猫聜隆盲禄陆忙聹聣茅聶聬氓聟卢氓聫赂茂录聢盲赂聤猫炉聣忙鲁聲茅聶垄茂录聦2012氓鹿麓茂录聣","US","START_FAILED",8,0,"https://www.courtlistener.com/opinion/5055983/emj-corp-v-contract-steel-construction-inc/?q=contract&type=o&order_by=score+desc&stat_Published=on&filed_after=&page=3","QUOTA_EXCEEDED: 盲禄聤忙聴楼氓录聜忙颅楼忙聭聵猫娄聛忙卢隆忙聲掳氓路虏猫戮戮盲赂聤茅聶聬"
"en","privacy","Civil Action No. 2021-2156","Electronic Privacy Information Center v. United States Postal Service (D.D.C. 2022)","US","START_FAILED",8,0,"https://www.courtlistener.com/opinion/6454786/electronic-privacy-information-center-v-united-states-postal-service/?q=privacy&type=o&order_by=score+desc&stat_Published=on&filed_after=&page=2","QUOTA_EXCEEDED: 盲禄聤忙聴楼氓录聜忙颅楼忙聭聵猫娄聛忙卢隆忙聲掳氓路虏猫戮戮盲赂聤茅聶聬"
"en","contract","11 Civ. 3004 (JSR)","Mc Glone猫炉聣氓聬聢氓聬聦氓聭录氓聫芦猫聙聟猫聜隆盲禄陆忙聹聣茅聶聬氓聟卢氓聫赂忙隆聢茂录聢S.D.N.Y.2015茂录聣","US","START_FAILED",8,0,"https://www.courtlistener.com/opinion/7316968/mcglone-v-contract-callers-inc/?q=contract&type=o&order_by=score+desc&stat_Published=on&filed_after=&page=1","QUOTA_EXCEEDED: 盲禄聤忙聴楼氓录聜忙颅楼忙聭聵猫娄聛忙卢隆忙聲掳氓路虏猫戮戮盲赂聤茅聶聬"
"en","privacy","No. 3:17-cv-01813-HZ","Parents for Privacyv. Dall. Sch. Dist. No. 2 (D. Or. 2018)","US","START_FAILED",8,0,"https://www.courtlistener.com/opinion/7331665/parents-for-privacy-v-dall-sch-dist-no-2/?q=privacy&type=o&order_by=score+desc&stat_Published=on&filed_after=&page=3","QUOTA_EXCEEDED: 盲禄聤忙聴楼氓录聜忙颅楼忙聭聵猫娄聛忙卢隆忙聲掳氓路虏猫戮戮盲赂聤茅聶聬"
"en","privacy","Civil No. 13芒聙聯cv芒聙聯1961 (KBJ)","Elec.Privacy Info. Ctr. v. Dep't of Justice (D.C. Cir. 2017)","US","START_FAILED",8,0,"https://www.courtlistener.com/opinion/7328947/elec-privacy-info-ctr-v-dept-of-justice/?q=privacy&type=o&order_by=score+desc&stat_Published=on&filed_after=&page=3","QUOTA_EXCEEDED: 盲禄聤忙聴楼氓录聜忙颅楼忙聭聵猫娄聛忙卢隆忙聲掳氓路虏猫戮戮盲赂聤茅聶聬"
"en","privacy","17-5225","Electronic Privacy Information Center v. IRS (D.C. Cir. 2018)","US","START_FAILED",8,0,"https://www.courtlistener.com/opinion/4574260/electronic-privacy-information-center-v-irs/?q=privacy&type=o&order_by=score+desc&stat_Published=on&filed_after=&page=1","QUOTA_EXCEEDED: 盲禄聤忙聴楼氓录聜忙颅楼忙聭聵猫娄聛忙卢隆忙聲掳氓路虏猫戮戮盲赂聤茅聶聬"
"en","privacy","Civil Action No. 2014-1217","Electronic Privacy Information Center v. Customs and Border Protection (D.D.C. 2017)","US","START_FAILED",8,0,"https://www.courtlistener.com/opinion/4378097/electronic-privacy-information-center-v-customs-and-border-protection/?q=privacy&type=o&order_by=score+desc&stat_Published=on&filed_after=&page=2","QUOTA_EXCEEDED: 盲禄聤忙聴楼氓录聜忙颅楼忙聭聵猫娄聛忙卢隆忙聲掳氓路虏猫戮戮盲赂聤茅聶聬"
"en","contract","14-16-00831-CV","氓聟聥茅聡聦忙聳炉忙聣聵氓录聴脗路氓聯楼盲录娄氓赂聝猫炉聣猫戮鹿氓垄聝氓聬聢氓聬聦忙聹聧氓聤隆忙聹聣茅聶聬猫麓拢盲禄禄氓聟卢氓聫赂茂录聢氓戮路氓聟聥猫聬篓忙聳炉氓路聻莽聰鲁猫炉路-盲录聭忙聳炉茅隆驴[14氓聦潞]2017茂录聣","US","START_FAILED",8,0,"https://www.courtlistener.com/opinion/4412693/christopher-columbus-v-frontier-contract-services-llc/?q=contract&type=o&order_by=score+desc&stat_Published=on&filed_after=&page=2","QUOTA_EXCEEDED: 盲禄聤忙聴楼氓录聜忙颅楼忙聭聵猫娄聛忙卢隆忙聲掳氓路虏猫戮戮盲赂聤茅聶聬"
"en","contract","ED 96102","Jansen v.contractor茂录聦猫聜隆盲禄陆忙聹聣茅聶聬氓聟卢氓聫赂茂录聢忙聜篓莽職聞CT.App.2011茂录聣","US","START_FAILED",8,0,"https://www.courtlistener.com/opinion/2543520/jansen-v-contract-transport-inc/?q=contract&type=o&order_by=score+desc&stat_Published=on&filed_after=&page=2","QUOTA_EXCEEDED: 盲禄聤忙聴楼氓录聜忙颅楼忙聭聵猫娄聛忙卢隆忙聲掳氓路虏猫戮戮盲赂聤茅聶聬"
"en","contract","MDL No. 2650","猫聝陆忙潞聬茅聮禄盲潞聲忙聹聣茅聶聬猫麓拢盲禄禄氓聟卢氓聫赂氓聬聢氓聬聦猫炉聣猫庐录茂录聢J.P.M.L.2015茂录聣","US","START_FAILED",8,0,"https://www.courtlistener.com/opinion/7316470/in-re-energy-drilling-llc-contract-litigation/?q=contract&type=o&order_by=score+desc&stat_Published=on&filed_after=&page=1","QUOTA_EXCEEDED: 盲禄聤忙聴楼氓录聜忙颅楼忙聭聵猫娄聛忙卢隆忙聲掳氓路虏猫戮戮盲赂聤茅聶聬"
"en","privacy","Civil Action No. 2022-1812","Project for Privacyand Surveillance Accountability, Inc. v. National Security Agency (D.D.C. 2024)","US","START_FAILED",8,0,"https://www.courtlistener.com/opinion/9457830/project-for-privacy-and-surveillance-accountability-inc-v-national/?q=privacy&type=o&order_by=score+desc&stat_Published=on&filed_after=&page=2","QUOTA_EXCEEDED: 盲禄聤忙聴楼氓录聜忙颅楼忙聭聵猫娄聛忙卢隆忙聲掳氓路虏猫戮戮盲赂聤茅聶聬"
"en","contract","18-50144","Esteban Garcia猫炉聣盲赂聯盲赂職氓聬聢氓聬聦氓聟卢氓聫赂茂录聢2019氓鹿麓莽卢卢盲潞聰氓路隆氓聸聻忙鲁聲氓潞颅茂录聣","US","START_FAILED",8,0,"https://www.courtlistener.com/opinion/4660039/esteban-garcia-v-professional-contract-svc-inc/?q=contract&type=o&order_by=score+desc&stat_Published=on&filed_after=&page=2","QUOTA_EXCEEDED: 盲禄聤忙聴楼氓录聜忙颅楼忙聭聵猫娄聛忙卢隆忙聲掳氓路虏猫戮戮盲赂聤茅聶聬"
"en","privacy","15-1075","Electronic Privacy Information Center v. Federal Aviation Administration (D.C. Cir. 2016)","US","START_FAILED",8,0,"https://www.courtlistener.com/opinion/3202124/electronic-privacy-information-center-v-federal-aviation-administration/?q=privacy&type=o&order_by=score+desc&stat_Published=on&filed_after=&page=2","QUOTA_EXCEEDED: 盲禄聤忙聴楼氓录聜忙颅楼忙聭聵猫娄聛忙卢隆忙聲掳氓路虏猫戮戮盲赂聤茅聶聬"
"en","contract","19-AA-241","氓聯楼盲录娄忙炉聰盲潞職莽聣鹿氓聦潞猫炉聣氓聯楼盲录娄忙炉聰盲潞職莽聣鹿氓聦潞氓聬聢氓聬聦盲赂聤猫炉聣氓搂聰氓聭聵盲录職茂录聢D.C.2021茂录聣","US","START_FAILED",8,0,"https://www.courtlistener.com/opinion/5298488/district-of-columbia-v-district-of-columbia-contract-appeals-board/?q=contract&type=o&order_by=score+desc&stat_Published=on&filed_after=&page=2","QUOTA_EXCEEDED: 盲禄聤忙聴楼氓录聜忙颅楼忙聭聵猫娄聛忙卢隆忙聲掳氓路虏猫戮戮盲赂聤茅聶聬"
"en","contract","24-1931","Nicholls猫炉聣莽戮聨氓聸陆猫聜隆盲禄陆忙聹聣茅聶聬氓聟卢氓聫赂氓篓聛莽芦聥茅聸聟忙掳麓氓聤隆氓聬聢氓聬聦猫驴聬猫聬楼氓聟卢氓聫赂茂录聢2025氓鹿麓莽卢卢盲赂聙氓路隆氓聸聻忙鲁聲氓潞颅茂录聣","US","DONE",5017,506,"https://www.courtlistener.com/opinion/10638811/nicholls-v-veolia-water-contract-operations-usa-inc/?q=contract&type=o&order_by=score+desc&stat_Published=on&filed_after=&page=1",""
"en","contract","A-5626-07T1","氓聹篓茫聙聤忙聳掳忙鲁陆猫楼驴氓路聻氓聬聢氓聬聦忙隆聢茫聙聥茂录聢忙聳掳忙鲁陆猫楼驴氓路聻忙聹聙茅芦聵忙鲁聲茅聶垄氓潞聰莽聰篓茅聝篓茅聴篓茂录聦2011氓鹿麓茂录聣盲赂颅","US","START_FAILED",9,0,"https://www.courtlistener.com/opinion/2319265/in-re-new-jersey-state-contract/?q=contract&type=o&order_by=score+desc&stat_Published=on&filed_after=&page=3","QUOTA_EXCEEDED: 盲禄聤忙聴楼氓录聜忙颅楼忙聭聵猫娄聛忙卢隆忙聲掳氓路虏猫戮戮盲赂聤茅聶聬"
"en","contract","08-24-00403-CV","莽戮聨氓聸陆氓聬聢氓聬聦氓庐露氓聟路忙聹聣茅聶聬猫麓拢盲禄禄氓聟卢氓聫赂茂录聦Michael Santos氓聮聦Martha Santos猫炉聣茅漏卢氓聧隆茅聡聦氓聟聥氓聟卢氓聫赂茂录聢氓戮路氓聟聥猫聬篓忙聳炉氓路聻莽聰鲁猫炉路-氓聼聝氓掳聰氓赂聲莽麓垄2024茂录聣","US","DONE",5012,1023,"https://www.courtlistener.com/opinion/10304353/american-contract-furniture-llc-michael-santos-and-martha-santos-v/?q=contract&type=o&order_by=score+desc&stat_Published=on&filed_after=&page=2",""
"en","privacy","Case No. 5:12-cv-01382-PSG","In re Google, Inc.Privacy Policy Litigation (N.D. Cal. 2014)","US","START_FAILED",8,0,"https://www.courtlistener.com/opinion/7309781/in-re-google-inc-privacy-policy-litigation/?q=privacy&type=o&order_by=score+desc&stat_Published=on&filed_after=&page=3","QUOTA_EXCEEDED: 盲禄聤忙聴楼氓录聜忙颅楼忙聭聵猫娄聛忙卢隆忙聲掳氓路虏猫戮戮盲赂聤茅聶聬"
"en","privacy","19-777","Elec.Privacy Info. Ctr. v. Dep't of Commerce (2020)","US","START_FAILED",8,0,"https://www.courtlistener.com/opinion/9366801/elec-privacy-info-ctr-v-dept-of-commerce/?q=privacy&type=o&order_by=score+desc&stat_Published=on&filed_after=&page=2","QUOTA_EXCEEDED: 盲禄聤忙聴楼氓录聜忙颅楼忙聭聵猫娄聛忙卢隆忙聲掳氓路虏猫戮戮盲赂聤茅聶聬"
"en","privacy","22-5303","Project for Privacyand Surveillance Accountability, Inc. v. DOJ (D.C. Cir. 2025)","US","START_FAILED",10,0,"https://www.courtlistener.com/opinion/10636364/project-for-privacy-and-surveillance-accountability-inc-v-doj/?q=privacy&type=o&order_by=score+desc&stat_Published=on&filed_after=&page=1","QUOTA_EXCEEDED: 盲禄聤忙聴楼氓录聜忙颅楼忙聭聵猫娄聛忙卢隆忙聲掳氓路虏猫戮戮盲赂聤茅聶聬"
"en","contract","No. MDL 2560","氓聟鲁盲潞聨Cleannet莽聣鹿猫庐赂莽禄聫猫聬楼氓聧聫猫庐庐氓聬聢氓聬聦猫炉聣猫庐录茂录聢J.P.M.L.2014茂录聣","US","START_FAILED",8,0,"https://www.courtlistener.com/opinion/7308132/in-re-cleannet-franchise-agreement-contract-litigation/?q=contract&type=o&order_by=score+desc&stat_Published=on&filed_after=&page=2","QUOTA_EXCEEDED: 盲禄聤忙聴楼氓录聜忙颅楼忙聭聵猫娄聛忙卢隆忙聲掳氓路虏猫戮戮盲赂聤茅聶聬"
"en","privacy","CASE NO. 8:16-ml-02693-JLS-KES","In re Vizio, Inc., Consumer Privacy Litigation (C.D. Cal. 2017)","US","START_FAILED",9,0,"https://www.courtlistener.com/opinion/7324512/in-re-vizio-inc-consumer-privacy-litigation/?q=privacy&type=o&order_by=score+desc&stat_Published=on&filed_after=&page=2","QUOTA_EXCEEDED: 盲禄聤忙聴楼氓录聜忙颅楼忙聭聵猫娄聛忙卢隆忙聲掳氓路虏猫戮戮盲赂聤茅聶聬"
"en","privacy","Civil Action No. 2019-0810","Electronic Privacy Information Center v. United States Department of Justice (D.D.C. 2020)","US","START_FAILED",9,0,"https://www.courtlistener.com/opinion/4732932/electronic-privacy-information-center-v-united-states-department-of/?q=privacy&type=o&order_by=score+desc&stat_Published=on&filed_after=&page=3","QUOTA_EXCEEDED: 盲禄聤忙聴楼氓录聜忙颅楼忙聭聵猫娄聛忙卢隆忙聲掳氓路虏猫戮戮盲赂聤茅聶聬"
"en","privacy","Case No. 5:12-cv-03088-EJD","In re Linkedin User Privacy Litigation (N.D. Cal. 2015)","US","START_FAILED",8,0,"https://www.courtlistener.com/opinion/8789787/in-re-linkedin-user-privacy-litigation/?q=privacy&type=o&order_by=score+desc&stat_Published=on&filed_after=&page=1","QUOTA_EXCEEDED: 盲禄聤忙聴楼氓录聜忙颅楼忙聭聵猫娄聛忙卢隆忙聲掳氓路虏猫戮戮盲赂聤茅聶聬"
"en","contract","21-2601","猫漏鹿氓搂聠忙聳炉脗路盲陆漏茅聸路忙聳炉猫炉聣忙聳炉氓聫掳忙聶庐忙聳炉氓聬聢氓聬聦盲赂聨氓聲聠盲赂職忙隆聢茂录聢莽卢卢盲赂聝氓路隆氓聸聻忙鲁聲茅聶垄茂录聦2022氓鹿麓茂录聣","US","START_FAILED",8,0,"https://www.courtlistener.com/opinion/6459693/james-perez-v-staples-contract-commercial/?q=contract&type=o&order_by=score+desc&stat_Published=on&filed_after=&page=1","QUOTA_EXCEEDED: 盲禄聤忙聴楼氓录聜忙颅楼忙聭聵猫娄聛忙卢隆忙聲掳氓路虏猫戮戮盲赂聤茅聶聬"
"en","contract","02-23-00153-CV","Contract Datascan Holdings茂录聦猫聜隆盲禄陆忙聹聣茅聶聬氓聟卢氓聫赂Contract Datascan茂录聦LP D/B/A the Inventory Extras And Gwyn Nicole Snead v.Retail Services WIS Corporation D/B/A WIS International猫聜隆盲禄陆忙聹聣茅聶聬氓聟卢氓聫赂茂录聢氓戮路氓聟聥猫聬篓忙聳炉氓路聻氓潞聰莽聰篓莽篓聥氓潞聫-忙虏聝忙聙聺氓聽隆2023茂录聣","US","START_FAILED",8,0,"https://www.courtlistener.com/opinion/9442921/contract-datascan-holdings-inc-contract-datascan-lp-dba-the-inventory/?q=contract&type=o&order_by=score+desc&stat_Published=on&filed_after=&page=3","QUOTA_EXCEEDED: 盲禄聤忙聴楼氓录聜忙颅楼忙聭聵猫娄聛忙卢隆忙聲掳氓路虏猫戮戮盲赂聤茅聶聬"
"en","contract","14-24-00628-CV","Fariborz Shojai and Contract Developers茂录聦Inc v.Morrell Masonry Supply茂录聦Inc茂录聢氓戮路氓聟聥猫聬篓忙聳炉氓路聻氓潞聰莽聰篓莽篓聥氓潞聫-盲录聭忙聳炉茅隆驴[14氓聦潞]2024茂录聣","US","DONE",5014,1807,"https://www.courtlistener.com/opinion/10286101/fariborz-shojai-and-contract-developers-inc-v-morrell-masonry-supply-inc/?q=contract&type=o&order_by=score+desc&stat_Published=on&filed_after=&page=2",""
"en","privacy","Civil Action No. 2017-1320","Electronic Privacy Information Center v. Presidential Advisory Commission on Election Integrity (D.D.C. 2017)","US","START_FAILED",9,0,"https://www.courtlistener.com/opinion/4411537/electronic-privacy-information-center-v-presidential-advisory-commission/?q=privacy&type=o&order_by=score+desc&stat_Published=on&filed_after=&page=3","QUOTA_EXCEEDED: 盲禄聤忙聴楼氓录聜忙颅楼忙聭聵猫娄聛忙卢隆忙聲掳氓路虏猫戮戮盲赂聤茅聶聬"
"en","contract","CA2019-11-193 CA2019-11-195","氓聬聢氓聬聦盲戮聸氓潞聰茂录聦猫聜隆盲禄陆忙聹聣茅聶聬氓聟卢氓聫赂猫炉聣T.H.Marsh Constr茫聙聜氓聟卢氓聫赂茂录聢盲驴聞盲潞楼盲驴聞氓路聻猫聛聰茅聜娄氓潞聰莽聰篓莽篓聥氓潞聫茂录聦2020茂录聣","US","START_FAILED",8,0,"https://www.courtlistener.com/opinion/4772440/contract-supply-inc-v-th-marsh-constr-co/?q=contract&type=o&order_by=score+desc&stat_Published=on&filed_after=&page=2","QUOTA_EXCEEDED: 盲禄聤忙聴楼氓录聜忙颅楼忙聭聵猫娄聛忙卢隆忙聲掳氓路虏猫戮戮盲赂聤茅聶聬"
"en","privacy","16-1297","Electronic Privacy Information Center v. FAA (D.C. Cir. 2018)","US","START_FAILED",8,0,"https://www.courtlistener.com/opinion/4508490/electronic-privacy-information-center-v-faa/?q=privacy&type=o&order_by=score+desc&stat_Published=on&filed_after=&page=1","QUOTA_EXCEEDED: 盲禄聤忙聴楼氓录聜忙颅楼忙聭聵猫娄聛忙卢隆忙聲掳氓路虏猫戮戮盲赂聤茅聶聬"
"en","privacy","Civil Action No. 2018-0902","Electronic Privacy Information Center v. Internal Revenue Service (D.D.C. 2021)","US","START_FAILED",8,0,"https://www.courtlistener.com/opinion/5302953/electronic-privacy-information-center-v-internal-revenue-service/?q=privacy&type=o&order_by=score+desc&stat_Published=on&filed_after=&page=1","QUOTA_EXCEEDED: 盲禄聤忙聴楼氓录聜忙颅楼忙聭聵猫娄聛忙卢隆忙聲掳氓路虏猫戮戮盲赂聤茅聶聬"
"en","privacy","Case No. 10-cv-02389-RMW","In re Facebook Privacy Litigation (N.D. Cal. 2016)","US","START_FAILED",8,0,"https://www.courtlistener.com/opinion/7320858/in-re-facebook-privacy-litigation/?q=privacy&type=o&order_by=score+desc&stat_Published=on&filed_after=&page=1","QUOTA_EXCEEDED: 盲禄聤忙聴楼氓录聜忙颅楼忙聭聵猫娄聛忙卢隆忙聲掳氓路虏猫戮戮盲赂聤茅聶聬"
"en","privacy","Civil Action No. 2025-0542","Leblanc v. United States Privacyand Civil Liberties Oversight Board (D.D.C. 2025)","US","START_FAILED",10,0,"https://www.courtlistener.com/opinion/10588230/leblanc-v-united-states-privacy-and-civil-liberties-oversight-board/?q=privacy&type=o&order_by=score+desc&stat_Published=on&filed_after=&page=1","QUOTA_EXCEEDED: 盲禄聤忙聴楼氓录聜忙颅楼忙聭聵猫娄聛忙卢隆忙聲掳氓路虏猫戮戮盲赂聤茅聶聬"
"en","contract","M芒聙聯619 September Term 2017; 080522","氓聹篓猫聧炉忙聢驴莽娄聫氓聢漏莽庐隆莽聬聠盲赂颅茫聙聜氓聬聢氓聬聦茂录聢忙聳掳忙鲁陆猫楼驴氓路聻茂录聦2018氓鹿麓茂录聣","US","START_FAILED",9,0,"https://www.courtlistener.com/opinion/8260943/in-re-pharmacy-benefit-mgmt-contract/?q=contract&type=o&order_by=score+desc&stat_Published=on&filed_after=&page=1","QUOTA_EXCEEDED: 盲禄聤忙聴楼氓录聜忙颅楼忙聭聵猫娄聛忙卢隆忙聲掳氓路虏猫戮戮盲赂聤茅聶聬"
"en","contract","2018-000692","盲录聤氓聢漏猫炉潞盲录聤氓路聻猫聥聫茅禄聨盲赂聳莽戮聨氓聸陆盲驴聺茅聶漏氓聟卢氓聫赂猫炉聣Palmetto氓聬聢氓聬聦忙聹聧氓聤隆茂录聦猫聜隆盲禄陆忙聹聣茅聶聬氓聟卢氓聫赂茂录聢S.C.Ct.App.2021茂录聣","US","DONE",5015,3603,"https://www.courtlistener.com/opinion/4897958/zurich-american-insurance-company-of-illinois-v-palmetto-contract/?q=contract&type=o&order_by=score+desc&stat_Published=on&filed_after=&page=2",""
"en","privacy","C099130","California Privacy Protection Agency v. Super. Ct. (Cal. Ct. App. 2024)","US","START_FAILED",8,0,"https://www.courtlistener.com/opinion/9474036/california-privacy-protection-agency-v-super-ct/?q=privacy&type=o&order_by=score+desc&stat_Published=on&filed_after=&page=1","QUOTA_EXCEEDED: 盲禄聤忙聴楼氓录聜忙颅楼忙聭聵猫娄聛忙卢隆忙聲掳氓路虏猫戮戮盲赂聤茅聶聬"
"en","privacy","19-5238","Electronic Privacy Information Center v. Drone Advisory Committee (D.C. Cir. 2021)","US","START_FAILED",8,0,"https://www.courtlistener.com/opinion/4879003/electronic-privacy-information-center-v-drone-advisory-committee/?q=privacy&type=o&order_by=score+desc&stat_Published=on&filed_after=&page=1","QUOTA_EXCEEDED: 盲禄聤忙聴楼氓录聜忙颅楼忙聭聵猫娄聛忙卢隆忙聲掳氓路虏猫戮戮盲赂聤茅聶聬"
"en","privacy","Civil Action No. 2013-1961","Electronic Privacy Information Center v. Department of Justice (D.D.C. 2017)","US","START_FAILED",8,0,"https://www.courtlistener.com/opinion/4441069/electronic-privacy-information-center-v-department-of-justice/?q=privacy&type=o&order_by=score+desc&stat_Published=on&filed_after=&page=2","QUOTA_EXCEEDED: 盲禄聤忙聴楼氓录聜忙颅楼忙聭聵猫娄聛忙卢隆忙聲掳氓路虏猫戮戮盲赂聤茅聶聬"
"en","contract","13-AA-362","Unfoldment茂录聦猫聜隆盲禄陆忙聹聣茅聶聬氓聟卢氓聫赂猫炉聣DCContract盲赂聤猫炉聣忙聹聣茅聶聬氓聟卢氓聫赂茂录聢D.C.2017茂录聣","US","START_FAILED",9,0,"https://www.courtlistener.com/opinion/5155415/unfoldment-inc-v-dc-contract-appeals-bd/?q=contract&type=o&order_by=score+desc&stat_Published=on&filed_after=&page=1","QUOTA_EXCEEDED: 盲禄聤忙聴楼氓录聜忙颅楼忙聭聵猫娄聛忙卢隆忙聲掳氓路虏猫戮戮盲赂聤茅聶聬"
"en","contract","ASBCA No. 60401","氓聸陆茅聶聟氓聬聢氓聬聦氓聢露茅聙聽盲赂聨猫庐戮猫庐隆茂录聢A.S.B.C.A.2016茂录聣","US","START_FAILED",9,0,"https://www.courtlistener.com/opinion/4241762/contract-fabrication-design-international/?q=contract&type=o&order_by=score+desc&stat_Published=on&filed_after=&page=1","QUOTA_EXCEEDED: 盲禄聤忙聴楼氓录聜忙颅楼忙聭聵猫娄聛忙卢隆忙聲掳氓路虏猫戮戮盲赂聤茅聶聬"
"en","contract","M芒聙聯591 September Term 2017; 080522","氓聹篓猫聧炉忙聢驴莽娄聫氓聢漏莽庐隆莽聬聠盲赂颅茫聙聜氓聬聢氓聬聦茂录聢忙聳掳忙鲁陆猫楼驴氓路聻茂录聦2018氓鹿麓茂录聣","US","START_FAILED",8,0,"https://www.courtlistener.com/opinion/8260947/in-re-pharmacy-benefit-mgmt-contract/?q=contract&type=o&order_by=score+desc&stat_Published=on&filed_after=&page=1","QUOTA_EXCEEDED: 盲禄聤忙聴楼氓录聜忙颅楼忙聭聵猫娄聛忙卢隆忙聲掳氓路虏猫戮戮盲赂聤茅聶聬"
"en","privacy","Civil Action No. 2014-0317","Electronic Privacy Information Center v. Drug Enforcement Administration (D.D.C. 2019)","US","START_FAILED",9,0,"https://www.courtlistener.com/opinion/4645980/electronic-privacy-information-center-v-drug-enforcement-administration/?q=privacy&type=o&order_by=score+desc&stat_Published=on&filed_after=&page=2","QUOTA_EXCEEDED: 盲禄聤忙聴楼氓录聜忙颅楼忙聭聵猫娄聛忙卢隆忙聲掳氓路虏猫戮戮盲赂聤茅聶聬"
"en","contract","M-94 September Term 2018; 081635","氓聠聧忙卢隆忙聤聴猫庐庐忙聨聢盲潞聢DP 18116氓聬聢氓聬聦茂录聢忙聳掳忙鲁陆猫楼驴氓路聻茂录聦2018氓鹿麓茂录聣","US","START_FAILED",8,0,"https://www.courtlistener.com/opinion/8265717/in-re-protest-of-award-of-contract-dp-18116/?q=contract&type=o&order_by=score+desc&stat_Published=on&filed_after=&page=3","QUOTA_EXCEEDED: 盲禄聤忙聴楼氓录聜忙颅楼忙聭聵猫娄聛忙卢隆忙聲掳氓路虏猫戮戮盲赂聤茅聶聬"
"en","contract","2019-03-1017","忙聹聥氓聫聥茂录聦猫聜炉氓掳录忙聳炉猫炉聣忙聳炉氓聫掳忙聶庐忙聳炉氓聬聢氓聬聦盲赂聨氓聲聠盲赂職忙聹聣茅聶聬猫麓拢盲禄禄氓聟卢氓聫赂茂录聢Tenn.Work.Comp.App.Bd.2020茂录聣","US","START_FAILED",8,0,"https://www.courtlistener.com/opinion/4780221/friend-kenneth-v-staples-contract-and-commercial-llc/?q=contract&type=o&order_by=score+desc&stat_Published=on&filed_after=&page=2","QUOTA_EXCEEDED: 盲禄聤忙聴楼氓录聜忙颅楼忙聭聵猫娄聛忙卢隆忙聲掳氓路虏猫戮戮盲赂聤茅聶聬"
"en","privacy","Civil Action No. 2013-0260","Electronic Privacy Information Center v. Department of Homeland Security (D.D.C. 2016)","US","START_FAILED",9,0,"https://www.courtlistener.com/opinion/4239501/electronic-privacy-information-center-v-department-of-homeland-security/?q=privacy&type=o&order_by=score+desc&stat_Published=on&filed_after=&page=3","QUOTA_EXCEEDED: 盲禄聤忙聴楼氓录聜忙颅楼忙聭聵猫娄聛忙卢隆忙聲掳氓路虏猫戮戮盲赂聤茅聶聬"
"en","privacy","18-35708","Parents for Privacyv. William Barr (9th Cir. 2020)","US","START_FAILED",9,0,"https://www.courtlistener.com/opinion/4726564/parents-for-privacy-v-william-barr/?q=privacy&type=o&order_by=score+desc&stat_Published=on&filed_after=&page=1","QUOTA_EXCEEDED: 盲禄聤忙聴楼氓录聜忙颅楼忙聭聵猫娄聛忙卢隆忙聲掳氓路虏猫戮戮盲赂聤茅聶聬"
"en","contract","No. 2:07-MDL-01867","氓聟鲁盲潞聨Onstar氓聬聢氓聬聦猫炉聣猫庐录茂录聢氓炉聠忙颅聡忙聽鹿氓路聻E.D.茂录聦2011茂录聣","US","START_FAILED",8,0,"https://www.courtlistener.com/opinion/8780304/in-re-onstar-contract-litigation/?q=contract&type=o&order_by=score+desc&stat_Published=on&filed_after=&page=2","QUOTA_EXCEEDED: 盲禄聤忙聴楼氓录聜忙颅楼忙聭聵猫娄聛忙卢隆忙聲掳氓路虏猫戮戮盲赂聤茅聶聬"
"en","contract","No. 5:18-CV-420-FL","Sears Contract茂录聦猫聜隆盲禄陆忙聹聣茅聶聬氓聟卢氓聫赂猫炉聣Sauer猫聜隆盲禄陆忙聹聣茅聶聬氓聟卢氓聫赂茂录聢E.D.N.C.2019茂录聣","US","START_FAILED",8,0,"https://www.courtlistener.com/opinion/7335740/sears-contract-inc-v-sauer-inc/?q=contract&type=o&order_by=score+desc&stat_Published=on&filed_after=&page=1","QUOTA_EXCEEDED: 盲禄聤忙聴楼氓录聜忙颅楼忙聭聵猫娄聛忙卢隆忙聲掳氓路虏猫戮戮盲赂聤茅聶聬"
"en","contract","No. 11 Civ. 3004(AT)","Mc Glone猫炉聣氓聬聢氓聬聦氓聭录氓聫芦猫聙聟茂录聦猫聜隆盲禄陆忙聹聣茅聶聬氓聟卢氓聫赂茂录聢S.D.N.Y.2014茂录聣","US","START_FAILED",8,0,"https://www.courtlistener.com/opinion/7308956/mcglone-v-contract-callers-inc/?q=contract&type=o&order_by=score+desc&stat_Published=on&filed_after=&page=1","QUOTA_EXCEEDED: 盲禄聤忙聴楼氓录聜忙颅楼忙聭聵猫娄聛忙卢隆忙聲掳氓路虏猫戮戮盲赂聤茅聶聬"
"en","privacy","Case No. 1:14-cv-01311 (APM)","Electronic Privacy Information Center v. Federal Bureau of Investigation (D.D.C. 2017)","US","START_FAILED",8,0,"https://www.courtlistener.com/opinion/7324202/electronic-privacy-information-center-v-federal-bureau-of-investigation/?q=privacy&type=o&order_by=score+desc&stat_Published=on&filed_after=&page=2","QUOTA_EXCEEDED: 盲禄聤忙聴楼氓录聜忙颅楼忙聭聵猫娄聛忙卢隆忙聲掳氓路虏猫戮戮盲赂聤茅聶聬"
